{
    "target_eff_poses": [
        [
            [
                0.6174419522285461,
                1.0401806831359863,
                0.5128055810928345
            ],
            [
                0.09121402353048325,
                0.5482735633850098,
                0.31908276677131653,
                0.7676342129707336
            ]
        ]
    ],
    "start_goal_config": [
        null
    ],
    "start_config": [
        [
            -4.579084383111506,
            -2.07233849586758,
            1.5471469340811923,
            -1.4468487045260323,
            -2.32805331251394,
            3.241066773147135e-05
        ]
    ],
    "goal_config": [
        [
            -1.6745795143118358,
            -1.3619466557383333,
            1.1732647433120158,
            -1.7742238984938257,
            -1.0119896582619547,
            -2.6053200555090767e-05
        ]
    ],
    "base_poses": [
        [
            [
                0.07063256617415625,
                0.7298409416434817,
                0.0
            ],
            [
                -0.0,
                -0.0,
                0.8144733272437841,
                0.580200998972287
            ]
        ]
    ],
    "difficulty": 0.0,
    "dynamic_speed": null
}