{
    "target_eff_poses": [
        [
            [
                0.620785653591156,
                -0.3725324273109436,
                0.4073474109172821
            ],
            [
                0.43349650502204895,
                0.5339306592941284,
                -0.50079345703125,
                0.5255518555641174
            ]
        ]
    ],
    "start_goal_config": [
        null
    ],
    "start_config": [
        [
            -1.7509829522248535,
            -1.6747702773941893,
            1.7714330435211494,
            -1.4620796167437105,
            -1.0655392483907078,
            -2.194004241912926e-05
        ]
    ],
    "goal_config": [
        [
            -3.441162888168725,
            -1.5857956220505485,
            1.5410962211296353,
            -1.5801183071616587,
            -1.650124272359137,
            1.355299004293482e-05
        ]
    ],
    "base_poses": [
        [
            [
                0.46078017180721376,
                0.0979263729085359,
                0.0
            ],
            [
                -0.0,
                -0.0,
                0.840914949677676,
                0.5411673007569764
            ]
        ]
    ],
    "difficulty": 0.0,
    "dynamic_speed": null
}