{
    "target_eff_poses": [
        [
            [
                0.774092972278595,
                -0.18623274564743042,
                0.7249387502670288
            ],
            [
                -0.11281786859035492,
                0.05106915906071663,
                0.9120073318481445,
                0.391032874584198
            ]
        ],
        [
            [
                0.3138488531112671,
                -0.3172459900379181,
                0.27976909279823303
            ],
            [
                -0.010214709676802158,
                0.8604800701141357,
                -0.19769586622714996,
                0.4694528877735138
            ]
        ],
        [
            [
                -0.03541148826479912,
                0.3912402391433716,
                0.1786908507347107
            ],
            [
                0.7965498566627502,
                -0.25434574484825134,
                -0.548462986946106,
                0.002232321770861745
            ]
        ],
        [
            [
                0.699748694896698,
                -0.6612592339515686,
                0.43618592619895935
            ],
            [
                -0.6310760378837585,
                0.1982305943965912,
                0.33410054445266724,
                0.6714347004890442
            ]
        ]
    ],
    "start_goal_config": [
        null,
        null,
        null,
        null
    ],
    "start_config": [
        [
            -2.154637483341231,
            -2.151688795730916,
            1.4553197406593157,
            -1.4693491555940827,
            -0.9588059093174991,
            -4.145975396727104e-06
        ],
        [
            -2.4981445156142876,
            -3.145519147432815,
            1.2391219703131697,
            -1.2438133274982648,
            -2.411696403324334,
            -3.672422489284657e-05
        ],
        [
            -2.902842623607303,
            -1.4098849717173385,
            2.2231152053158385,
            -1.3588887523859061,
            -1.536330909236212,
            3.1244072170164175e-06
        ],
        [
            -3.9178187433167753,
            -1.208336568565522,
            1.200831335703298,
            -1.8169595151430893,
            -1.7364410876301686,
            1.3968035776755306e-05
        ]
    ],
    "goal_config": [
        [
            -3.000641600826992,
            -2.6880517838245424,
            1.2299382185117826,
            -1.435163633094281,
            -1.5507710069149914,
            -1.4476916028737377e-06
        ],
        [
            -3.7198110657427628,
            -2.2512487650697897,
            2.2249908718450118,
            -1.0426711300502256,
            -1.9812424508141544,
            7.298305432482922e-06
        ],
        [
            -2.137520224674372,
            -1.269902756703851,
            1.7047033444102029,
            -1.5958551969792083,
            -1.2576569736283634,
            -1.628821375954211e-05
        ],
        [
            -3.7143990825808735,
            -2.698923536797956,
            2.0321720478015646,
            -1.0292535853215437,
            -2.3755191087871967,
            1.859061969875702e-05
        ]
    ],
    "base_poses": [
        [
            [
                0.7292530517936888,
                0.028423375292587538,
                0.0
            ],
            [
                0.0,
                0.0,
                -0.4666859584824915,
                0.8844230979317976
            ]
        ],
        [
            [
                0.15298790488767522,
                -0.31358701326034205,
                0.0
            ],
            [
                0.0,
                0.0,
                0.9954186601293061,
                -0.09561219099245097
            ]
        ],
        [
            [
                0.5046824422279013,
                0.3776088700396425,
                0.0
            ],
            [
                0.0,
                0.0,
                -0.6088003980547144,
                0.7933234367699099
            ]
        ],
        [
            [
                0.7196281536673625,
                -0.6878456583296008,
                0.0
            ],
            [
                0.0,
                0.0,
                -0.40804049236811635,
                0.9129638309308782
            ]
        ]
    ],
    "difficulty": 0.8860152355873225,
    "dynamic_speed": null
}