{
    "target_eff_poses": [
        [
            [
                -0.506651759147644,
                0.9577206373214722,
                0.4942651391029358
            ],
            [
                -0.6230342984199524,
                0.21065941452980042,
                0.46733978390693665,
                0.5907998085021973
            ]
        ],
        [
            [
                0.3456834554672241,
                0.1897515505552292,
                0.16701319813728333
            ],
            [
                0.018540890887379646,
                0.9070826768875122,
                -0.12465845793485641,
                0.40164363384246826
            ]
        ]
    ],
    "start_goal_config": [
        null,
        null
    ],
    "start_config": [
        [
            -3.0837494038070528,
            -2.6930032076230854,
            1.562473723476389,
            -1.274032270130055,
            -2.2705544336977925,
            2.8096872861147175e-05
        ],
        [
            -3.125233312160353,
            -2.4533800551067446,
            1.3966476209154552,
            -1.4233394682941862,
            -1.7643105215999784,
            1.3549444317233884e-05
        ]
    ],
    "goal_config": [
        [
            -4.3814770672696355,
            -2.1316546556357627,
            1.7652920550513977,
            -1.339730967822368,
            -2.146298146414323,
            3.0036735214158507e-05
        ],
        [
            -3.960305382754604,
            -1.5488759137051142,
            2.0561312084806422,
            -1.3753376858393507,
            -1.8512844196330078,
            2.3158740013805924e-05
        ]
    ],
    "base_poses": [
        [
            [
                -0.3868178681388287,
                0.7364930674961894,
                0.0
            ],
            [
                -0.0,
                -0.0,
                0.006154539505920632,
                0.9999810606423853
            ]
        ],
        [
            [
                -0.003498472312697287,
                0.22888092476397115,
                0.0
            ],
            [
                0.0,
                0.0,
                0.9692380984688678,
                -0.24612498547781256
            ]
        ]
    ],
    "difficulty": 0.4696698956080128,
    "dynamic_speed": null
}