{
    "target_eff_poses": [
        [
            [
                0.4240342676639557,
                0.4999687373638153,
                0.45039933919906616
            ],
            [
                0.021841080859303474,
                0.6566538214683533,
                0.2365148514509201,
                0.7158138751983643
            ]
        ],
        [
            [
                0.3002469539642334,
                -1.220276951789856,
                0.193622425198555
            ],
            [
                0.5973267555236816,
                0.4234738051891327,
                -0.1646861732006073,
                0.6608699560165405
            ]
        ]
    ],
    "start_goal_config": [
        null,
        null
    ],
    "start_config": [
        [
            -4.429474278145488,
            -1.8944251946068247,
            2.425616409268543,
            -1.1108717427286392,
            -2.371026859691676,
            -2.302498167796409e-05
        ],
        [
            -2.9356987456411,
            -2.9018615883437135,
            0.9718438909057734,
            -1.4902567001768643,
            -1.6375552583121689,
            -3.871728758960352e-06
        ]
    ],
    "goal_config": [
        [
            -2.050173146853018,
            -1.605266987169904,
            1.4917628817308548,
            -1.5943719068608138,
            -1.2184249771733857,
            -1.6404943520614287e-05
        ],
        [
            -1.422844392444877,
            -0.9191055198044491,
            1.2522045587852955,
            -1.8315533145663077,
            -0.8609299581285615,
            -3.0037663196695336e-05
        ]
    ],
    "base_poses": [
        [
            [
                0.0016514079117685432,
                0.21529747440830738,
                0.0
            ],
            [
                0.0,
                0.0,
                0.9199742740508681,
                0.3919787431539856
            ]
        ],
        [
            [
                -0.14080026385007616,
                -0.6241641583018812,
                0.0
            ],
            [
                -0.0,
                -0.0,
                0.11201941278702929,
                0.9937060184777232
            ]
        ]
    ],
    "difficulty": 0.315621179347315,
    "dynamic_speed": null,
    "ur5_count": 2,
    "id": "013946",
    "task_path": "/home/hqh2101/workspace-sharing-multiarm/src/data/8f14d7-hard-vlo-tasks/013946.json"
}