{
    "target_eff_poses": [
        [
            [
                -0.6500132083892822,
                -0.16477936506271362,
                0.5469782948493958
            ],
            [
                0.003422667970880866,
                0.02345183491706848,
                -0.8349137902259827,
                0.549870491027832
            ]
        ],
        [
            [
                0.4263998866081238,
                -0.04591772332787514,
                0.6842228174209595
            ],
            [
                -0.3315771520137787,
                0.3063165545463562,
                0.18070876598358154,
                0.8738255500793457
            ]
        ]
    ],
    "start_goal_config": [
        null,
        null
    ],
    "start_config": [
        [
            -4.546246108818957,
            -0.7882707428907496,
            1.122213459957006,
            -1.9323274184862287,
            -1.9321875764549252,
            2.6363310016837503e-05
        ],
        [
            -2.186245685987478,
            -1.6087462486771138,
            1.321469299157389,
            -1.66888785477251,
            -1.254347068614901,
            -1.5759272781497368e-05
        ]
    ],
    "goal_config": [
        [
            -2.4957516853036514,
            -3.157781272826161,
            1.2828778502628104,
            -1.2192531565886078,
            -2.4148404999216124,
            4.0718756992503734e-05
        ],
        [
            -4.482802367592725,
            -1.9633953662247003,
            1.332117381571219,
            -1.5735991848954067,
            -2.1918663338660727,
            3.331478230071399e-05
        ]
    ],
    "base_poses": [
        [
            [
                -0.4693116448779206,
                -0.5788587704786213,
                0.0
            ],
            [
                -0.0,
                -0.0,
                0.6299557683234375,
                0.7766310127441651
            ]
        ],
        [
            [
                0.304026338123079,
                -0.31417099078882615,
                0.0
            ],
            [
                0.0,
                0.0,
                -0.37622863469604745,
                0.9265268557547309
            ]
        ]
    ],
    "difficulty": 0.33943833943833945
}