{
    "target_eff_poses": [
        [
            [
                -0.17303186655044556,
                0.0924878865480423,
                0.3593220114707947
            ],
            [
                -0.3251701891422272,
                0.7086105942726135,
                0.08137264847755432,
                0.620897650718689
            ]
        ],
        [
            [
                -1.0024316310882568,
                -1.0357751846313477,
                0.47275933623313904
            ],
            [
                -0.4876217842102051,
                -0.3467194139957428,
                0.7424101829528809,
                -0.3013930320739746
            ]
        ],
        [
            [
                -0.48872217535972595,
                0.7197539210319519,
                0.4696003794670105
            ],
            [
                0.3069717288017273,
                0.41061362624168396,
                -0.283561646938324,
                0.8104058504104614
            ]
        ]
    ],
    "start_goal_config": [
        null,
        null,
        null
    ],
    "start_config": [
        [
            -4.302521143095262,
            -1.5733885125519407,
            2.0460075073939965,
            -1.378630329939678,
            -1.9726012049001904,
            2.2205985674802305e-05
        ],
        [
            -3.2398006071554666,
            -2.568034009338041,
            1.596309695695656,
            -1.2925031064076842,
            -1.9565442913924032,
            3.0096919584492993e-05
        ],
        [
            -1.7559863491739995,
            -1.8246852549042014,
            1.9358134981542323,
            -1.3566196793899437,
            -1.0313689197003109,
            -1.9594763126272192e-05
        ]
    ],
    "goal_config": [
        [
            -3.724570437796086,
            -2.1362525629882834,
            2.0006964999606653,
            -1.21779284702624,
            -1.870694470113339,
            2.6204580685766983e-05
        ],
        [
            -4.053966527215809,
            -1.4492735780427874,
            1.3056416869571301,
            -1.715143828110583,
            -1.8032619889931518,
            2.1076076973170072e-05
        ],
        [
            -2.7126734830496217,
            -2.8857417634641678,
            1.8514322238588854,
            -1.030683471404917,
            -1.2654157972689688,
            -1.667643864840464e-05
        ]
    ],
    "base_poses": [
        [
            [
                -0.32730963919325884,
                -0.08788435482940005,
                0.0
            ],
            [
                0.0,
                0.0,
                -0.8409460403827727,
                0.5411189861430998
            ]
        ],
        [
            [
                -0.7649965595292301,
                -0.5154674396455479,
                0.0
            ],
            [
                -0.0,
                -0.0,
                0.8180807615447372,
                0.5751033538333635
            ]
        ],
        [
            [
                -0.5734498252530618,
                0.5801355554540717,
                0.0
            ],
            [
                -0.0,
                -0.0,
                0.7624267813667099,
                0.6470744957536181
            ]
        ]
    ],
    "difficulty": 0.7445029129862808,
    "dynamic_speed": null
}