{
    "target_eff_poses": [
        [
            [
                0.16937808692455292,
                -0.21284890174865723,
                0.38266387581825256
            ],
            [
                -0.4835381805896759,
                0.5773957371711731,
                0.08976204693317413,
                0.6517267227172852
            ]
        ],
        [
            [
                -0.6487753391265869,
                0.3068541884422302,
                0.6974929571151733
            ],
            [
                0.12328709661960602,
                0.2862989008426666,
                -0.03821861371397972,
                0.9494064450263977
            ]
        ]
    ],
    "start_goal_config": [
        null,
        null
    ],
    "start_config": [
        [
            -5.249520839081884,
            -0.895972363936963,
            1.2170815780916944,
            -1.7769251481542105,
            -2.5373328263730532,
            -5.2568046985795004e-05
        ],
        [
            -3.022940864362145,
            -2.566041357390812,
            2.156428781658837,
            -0.937775933023495,
            -1.763715506287189,
            7.3260764602285445e-06
        ]
    ],
    "goal_config": [
        [
            -3.9612060888753633,
            -2.3984467600939747,
            2.066599236831728,
            -1.104143523461788,
            -2.1310872293290615,
            1.3081411291052225e-05
        ],
        [
            -2.8113837930912426,
            -2.500128155503848,
            1.3996123289273148,
            -1.4070705728626893,
            -1.204376007324792,
            -2.3618268418314156e-05
        ]
    ],
    "base_poses": [
        [
            [
                0.10707342452448665,
                -0.3411586047915119,
                0.0
            ],
            [
                0.0,
                0.0,
                -0.6772138298221757,
                0.7357862656353279
            ]
        ],
        [
            [
                -0.7080270302020525,
                0.16256481659912203,
                0.0
            ],
            [
                0.0,
                0.0,
                0.9254586917785689,
                0.3788485314891691
            ]
        ]
    ],
    "difficulty": 0.13922247099531854
}