{
    "target_eff_poses": [
        [
            [
                -0.7008062601089478,
                -1.2208549976348877,
                0.37876659631729126
            ],
            [
                -0.5666981339454651,
                -0.3822784125804901,
                0.684177577495575,
                -0.25419992208480835
            ]
        ],
        [
            [
                0.4482407867908478,
                0.4698326587677002,
                0.7198562026023865
            ],
            [
                0.1457807421684265,
                0.2763805687427521,
                -0.12888915836811066,
                0.9411425590515137
            ]
        ],
        [
            [
                0.7564463019371033,
                0.27174368500709534,
                0.6424900889396667
            ],
            [
                -0.1933823823928833,
                0.35424861311912537,
                -0.1966773271560669,
                0.8935486674308777
            ]
        ],
        [
            [
                -0.6922271847724915,
                0.6738688945770264,
                0.6254621148109436
            ],
            [
                -0.5262362360954285,
                0.009250369854271412,
                0.5015211701393127,
                0.6866341233253479
            ]
        ]
    ],
    "start_goal_config": [
        null,
        null,
        null,
        null
    ],
    "start_config": [
        [
            -4.121033920224792,
            -1.205001872579553,
            1.6500174330362238,
            -1.6294479516382527,
            -1.8270722549979475,
            2.1804803017455225e-05
        ],
        [
            -3.7488662831168256,
            -2.085887441324271,
            1.5699629942961182,
            -1.4409830754339814,
            -1.8385775853953623,
            2.192136921365113e-05
        ],
        [
            -4.310377418913307,
            -1.794324106195249,
            2.121580944357556,
            -1.2781694342908905,
            -2.0317968001317355,
            2.3393539121702018e-05
        ],
        [
            -2.961198662403253,
            -1.888796195404764,
            1.79184026307753,
            -1.3894416667297869,
            -1.5614508616836897,
            7.847000493639786e-06
        ]
    ],
    "goal_config": [
        [
            -4.06457913552384,
            -1.4159978214705362,
            1.4425912897668374,
            -1.6628633587348274,
            -1.8085184552446893,
            2.1390778680761076e-05
        ],
        [
            -2.7554127831334587,
            -2.39907309514492,
            1.3519539651715704,
            -1.4588793386716667,
            -1.2214991088822749,
            -1.8942622257548456e-05
        ],
        [
            -3.3755647725885845,
            -2.563213707317237,
            1.5654372817398492,
            -1.3129101778709882,
            -2.2871564700706224,
            3.0907030252860845e-05
        ],
        [
            -4.2135505923142755,
            -2.2866457667489226,
            1.6163070399527495,
            -1.3626983039187466,
            -2.493184224018594,
            3.447485900409906e-05
        ]
    ],
    "base_poses": [
        [
            [
                -0.4383458849800983,
                -0.7195799261614028,
                0.0
            ],
            [
                -0.0,
                -0.0,
                0.8052508532845656,
                0.5929342824331201
            ]
        ],
        [
            [
                0.32828479098496954,
                0.36676387852604386,
                0.0
            ],
            [
                0.0,
                0.0,
                0.8757329455284792,
                0.4827958244600025
            ]
        ],
        [
            [
                0.7700035838957149,
                0.2509150401974467,
                0.0
            ],
            [
                0.0,
                0.0,
                0.9667699599252298,
                -0.2556478918085764
            ]
        ],
        [
            [
                -0.6024093267762695,
                0.5558699897600807,
                0.0
            ],
            [
                -0.0,
                -0.0,
                0.05719381744993182,
                0.9983630938919487
            ]
        ]
    ],
    "difficulty": 0.8525345622119815,
    "dynamic_speed": null,
    "ur5_count": 4,
    "id": "016162",
    "task_path": "/home/huy/programming/projects/workspace-sharing-multiarm/src/data/8f14d7-hard-vlo-tasks/016162.json"
}