{
    "target_eff_poses": [
        [
            [
                -0.1057981550693512,
                -0.32972452044487,
                0.24689176678657532
            ],
            [
                -0.5928675532341003,
                -0.1894196718931198,
                0.7803645730018616,
                -0.06049206480383873
            ]
        ]
    ],
    "start_goal_config": [
        null
    ],
    "start_config": [
        [
            -2.2419181523285125,
            -1.5088461547686476,
            2.1190227176401604,
            -1.3790072593682234,
            -1.2891450684030845,
            -1.0227001469388591e-05
        ]
    ],
    "goal_config": [
        [
            -4.22577443210483,
            -0.8653890527901072,
            1.0290021178562947,
            -1.961610797138092,
            -1.8026839709794453,
            1.589547845307638e-05
        ]
    ],
    "base_poses": [
        [
            [
                0.5897686140645073,
                0.03904366571259943,
                0.0
            ],
            [
                -0.0,
                -0.0,
                0.6708866142695113,
                0.741559944167693
            ]
        ]
    ],
    "difficulty": 0.0,
    "dynamic_speed": null
}