{
    "target_eff_poses": [
        [
            [
                0.20254427194595337,
                -0.16370563209056854,
                0.6461606621742249
            ],
            [
                -0.15595906972885132,
                0.1809689700603485,
                0.4838370680809021,
                0.8419196605682373
            ]
        ],
        [
            [
                0.8337510228157043,
                0.10679934918880463,
                0.418033242225647
            ],
            [
                0.15315237641334534,
                0.6206549406051636,
                -0.4454716145992279,
                0.6268067955970764
            ]
        ],
        [
            [
                -0.7319442629814148,
                0.16500931978225708,
                0.6460882425308228
            ],
            [
                -0.19434885680675507,
                -0.43244796991348267,
                0.8043690919876099,
                -0.35806095600128174
            ]
        ],
        [
            [
                -0.17016497254371643,
                0.6924834251403809,
                0.577319324016571
            ],
            [
                0.24286475777626038,
                0.3435477018356323,
                -0.7396735548973083,
                0.5252377986907959
            ]
        ]
    ],
    "start_goal_config": [
        null,
        null,
        null,
        null
    ],
    "start_config": [
        [
            -2.7891977633731355,
            -2.5846388880475315,
            2.0502106399510414,
            -1.0189321508872784,
            -1.5957957891314494,
            -1.5579667915883128e-07
        ],
        [
            -3.976791787250155,
            -1.3833567966500746,
            1.1463583402734812,
            -1.8027593265211024,
            -1.766588826667297,
            1.5289421745343905e-05
        ],
        [
            -1.988039273738562,
            -2.1089919348808484,
            2.184040930027108,
            -1.1464300025883096,
            -1.1107317508757748,
            -1.2217816917405323e-05
        ],
        [
            -3.6187578074663382,
            -2.172414609952891,
            1.3990633062290856,
            -1.4988335756728333,
            -1.8553372799528638,
            2.3174156678235444e-05
        ]
    ],
    "goal_config": [
        [
            -2.904311428667816,
            -2.7828024089184473,
            1.4277889142682259,
            -1.3041185163823432,
            -1.7604775488718052,
            -1.4881693386014958e-05
        ],
        [
            -3.186892184872553,
            -2.755076294716631,
            1.9949619799098737,
            -0.9943765761173706,
            -1.9467413980628916,
            5.50850168278972e-07
        ],
        [
            -4.016913387875822,
            -2.304950401876804,
            1.5449919844746196,
            -1.3937014168254176,
            -2.300430460388492,
            3.090090181730641e-05
        ],
        [
            -3.0663963623875374,
            -2.705115451289551,
            1.6513872287489015,
            -1.2193708469214832,
            -1.9087779972262122,
            2.12820393528944e-05
        ]
    ],
    "base_poses": [
        [
            [
                0.33442763462451186,
                -0.043700397419660475,
                0.0
            ],
            [
                0.0,
                0.0,
                0.8786379024732596,
                -0.4774886766588196
            ]
        ],
        [
            [
                0.7834373194790867,
                0.07110003378140362,
                0.0
            ],
            [
                0.0,
                0.0,
                0.9182140254177463,
                0.39608459137681473
            ]
        ],
        [
            [
                -0.7539705503401152,
                0.29704347227627137,
                0.0
            ],
            [
                0.0,
                0.0,
                0.9395428763017627,
                0.3424312830198353
            ]
        ],
        [
            [
                -0.23612415665981634,
                0.6525681230067375,
                0.0
            ],
            [
                -0.0,
                -0.0,
                0.6808084065942315,
                0.7324615440489853
            ]
        ]
    ],
    "difficulty": 0.7851970281200038,
    "dynamic_speed": null
}