{
    "target_eff_poses": [
        [
            [
                -0.3997500538825989,
                -0.09901951253414154,
                0.559454619884491
            ],
            [
                -0.508040189743042,
                0.2583560645580292,
                0.8216473460197449,
                -0.006555371452122927
            ]
        ],
        [
            [
                -0.28890666365623474,
                0.043790578842163086,
                0.5268137454986572
            ],
            [
                0.01988721638917923,
                0.6111916303634644,
                -0.34534698724746704,
                0.7118881344795227
            ]
        ],
        [
            [
                -0.3864870071411133,
                -0.472734272480011,
                0.782175600528717
            ],
            [
                -0.18473802506923676,
                -0.1002921462059021,
                0.9727134108543396,
                -0.09819336980581284
            ]
        ]
    ],
    "start_goal_config": [
        null,
        null,
        null
    ],
    "start_config": [
        [
            -2.32760143083533,
            -1.7838288213499973,
            2.244379660105369,
            -1.226126492855777,
            -1.328240286919833,
            -6.31222472260572e-06
        ],
        [
            -2.6019956733354426,
            -1.0862140761766075,
            1.5851870612508405,
            -1.684571320728912,
            -1.395864004204652,
            -1.4303235812153128e-06
        ],
        [
            -4.902583505426081,
            -1.254265987049584,
            1.336577984836258,
            -1.7231798483429983,
            -2.1697207029854177,
            2.9104023394539664e-05
        ]
    ],
    "goal_config": [
        [
            -1.876363229319311,
            -1.7166234357961496,
            1.3929832207805266,
            -1.6050321451755034,
            -1.0923603813735279,
            -1.902648270213435e-05
        ],
        [
            -4.3501819879121735,
            -1.847040890895539,
            1.536614489345493,
            -1.5152180571801594,
            -1.9899375695375199,
            2.3194732793557785e-17
        ],
        [
            -3.180501183387171,
            -2.37868283606381,
            1.2010224083653729,
            -1.5403605688463733,
            -1.9675558104935673,
            -1.8960355082099366e-07
        ]
    ],
    "base_poses": [
        [
            [
                0.06871941213300037,
                -0.14373800204385057,
                0.0
            ],
            [
                0.0,
                0.0,
                -0.7603557015903517,
                0.649506895312932
            ]
        ],
        [
            [
                -0.6506226372690789,
                0.17048886380756445,
                0.0
            ],
            [
                0.0,
                0.0,
                0.9351205843098352,
                -0.3543296386135829
            ]
        ],
        [
            [
                -0.4268671560162671,
                -0.42895677577472197,
                0.0
            ],
            [
                -0.0,
                -0.0,
                0.31308637207812823,
                0.9497246567394972
            ]
        ]
    ],
    "difficulty": 0.700281954887218,
    "dynamic_speed": null,
    "ur5_count": 3,
    "id": "016994",
    "task_path": "/home/huy/programming/projects/workspace-sharing-multiarm/src/data/8f14d7-hard-vlo-tasks/016994.json"
}