{
    "target_eff_poses": [
        [
            [
                -0.6795527338981628,
                0.03682315722107887,
                0.16330745816230774
            ],
            [
                0.8306429386138916,
                0.10042267292737961,
                -0.5465903878211975,
                -0.03444800525903702
            ]
        ],
        [
            [
                0.3553275167942047,
                -0.010379417799413204,
                0.18431095778942108
            ],
            [
                0.8489460945129395,
                -0.03682626783847809,
                -0.5002909302711487,
                0.16626276075839996
            ]
        ],
        [
            [
                0.7693448662757874,
                -0.4263930320739746,
                0.408828467130661
            ],
            [
                0.31544503569602966,
                0.6572874784469604,
                -0.4239877164363861,
                0.537310004234314
            ]
        ]
    ],
    "start_goal_config": [
        null,
        null,
        null
    ],
    "start_config": [
        [
            -5.143630044396452,
            -1.5524276612795287,
            1.836065359291119,
            -1.4420895259528341,
            -2.477779643500189,
            2.689941581518385e-05
        ],
        [
            -1.050437843812954,
            -1.4893424043374246,
            1.9584418274479747,
            -1.282419398740018,
            -0.03844386635298845,
            -2.486349844951398e-05
        ],
        [
            -4.270993469288961,
            -1.1575712704200034,
            1.4754686419768746,
            -1.7100455372043206,
            -1.8620298910153932,
            3.392174617034189e-06
        ]
    ],
    "goal_config": [
        [
            -3.870698454188187,
            -1.2282980116903963,
            1.6798144461358415,
            -1.6106764337798383,
            -1.754041532931753,
            2.0554044403436284e-05
        ],
        [
            -2.0090135901634034,
            -1.3385604730290437,
            1.7799441942958696,
            -1.551966097258966,
            -1.2066063020694495,
            -2.268883635037606e-05
        ],
        [
            -3.58472459897027,
            -2.088551977110715,
            1.8754982364276613,
            -1.294635481204895,
            -1.791396806485863,
            1.592531145117458e-06
        ]
    ],
    "base_poses": [
        [
            [
                -0.15405566375434232,
                0.15261952876896223,
                0.0
            ],
            [
                -0.0,
                -0.0,
                0.38319285033062667,
                0.9236683601030675
            ]
        ],
        [
            [
                0.7775811987733103,
                0.2715252400944601,
                0.0
            ],
            [
                0.0,
                0.0,
                -0.41464475999646105,
                0.9099833641377612
            ]
        ],
        [
            [
                0.5827554279337916,
                -0.22881698012585405,
                0.0
            ],
            [
                0.0,
                0.0,
                0.9440190631090931,
                0.3298909039161735
            ]
        ]
    ],
    "difficulty": 0.6713063105426502,
    "dynamic_speed": null
}