{
    "target_eff_poses": [
        [
            [
                0.5232700109481812,
                1.086408019065857,
                0.15424591302871704
            ],
            [
                0.08734377473592758,
                0.7475029230117798,
                0.3194510042667389,
                0.5758137106895447
            ]
        ],
        [
            [
                0.1991780400276184,
                0.5112066864967346,
                0.5749444365501404
            ],
            [
                -0.483116090297699,
                0.14930681884288788,
                0.633513331413269,
                0.5856339931488037
            ]
        ],
        [
            [
                -0.5456104278564453,
                -0.46030253171920776,
                0.6031120419502258
            ],
            [
                -0.44191935658454895,
                0.04352593421936035,
                0.8560492992401123,
                0.2645604610443115
            ]
        ]
    ],
    "start_goal_config": [
        null,
        null,
        null
    ],
    "start_config": [
        [
            -2.448307342255404,
            -2.6250635138379725,
            1.7492982284764964,
            -1.2015850729074236,
            -0.7359127236395245,
            -2.4561462827063313e-05
        ],
        [
            -3.440058293591282,
            -2.3384668138966473,
            2.3440619510914757,
            -0.8917709637492399,
            -1.9637434110563332,
            1.5226776426710095e-10
        ],
        [
            -3.1697711008011145,
            -2.1038050921188063,
            1.3326075232720629,
            -1.5481629450581122,
            -1.6218427581298762,
            7.871033915645123e-06
        ]
    ],
    "goal_config": [
        [
            -1.5466645230117029,
            -0.8997860898371053,
            1.2936958932851008,
            -1.8315171540923523,
            -0.9479723731648888,
            -2.69213504441098e-05
        ],
        [
            -3.507764767459926,
            -2.485355949870149,
            1.6811133746099614,
            -1.2770402805819536,
            -2.017216759072884,
            2.6603339795952225e-05
        ],
        [
            -3.1350497820312633,
            -2.525361201141658,
            1.6042045571575003,
            -1.3001875769296167,
            -1.7723668666366978,
            1.3338068021381645e-05
        ]
    ],
    "base_poses": [
        [
            [
                -0.0595505884436619,
                0.6467090851897359,
                0.0
            ],
            [
                -0.0,
                -0.0,
                0.8239886548980885,
                0.5666062977052398
            ]
        ],
        [
            [
                0.28276886251174527,
                0.4726725062707078,
                0.0
            ],
            [
                0.0,
                0.0,
                -0.33333838987803255,
                0.9428072538082855
            ]
        ],
        [
            [
                -0.4738531928591645,
                -0.40029633005612697,
                0.0
            ],
            [
                0.0,
                0.0,
                -0.2008445695881205,
                0.9796231208311503
            ]
        ]
    ],
    "difficulty": 0.7160726041568701,
    "dynamic_speed": null,
    "ur5_count": 3,
    "id": "017700",
    "task_path": "/home/hqh2101/workspace-sharing-multiarm/src/data/8f14d7-hard-vlo-tasks/017700.json"
}