{
    "target_eff_poses": [
        [
            [
                0.0821174681186676,
                1.1951093673706055,
                0.10960002988576889
            ],
            [
                0.5618818402290344,
                -0.46450942754745483,
                -0.5462357997894287,
                -0.41248786449432373
            ]
        ],
        [
            [
                -0.1018962562084198,
                -0.14222189784049988,
                0.6454112529754639
            ],
            [
                0.09900541603565216,
                0.2269553244113922,
                -0.6140815615653992,
                0.7493951320648193
            ]
        ],
        [
            [
                -0.8625231385231018,
                -0.5701906681060791,
                0.4436766505241394
            ],
            [
                -0.5597518086433411,
                0.41884663701057434,
                0.7035211324691772,
                0.12768496572971344
            ]
        ],
        [
            [
                -0.4312891364097595,
                0.7138543725013733,
                0.6500778198242188
            ],
            [
                -0.08941424638032913,
                0.4824245870113373,
                0.6185024380683899,
                0.6137803792953491
            ]
        ]
    ],
    "start_goal_config": [
        null,
        null,
        null,
        null
    ],
    "start_config": [
        [
            -4.291245804484056,
            -1.4066554612562774,
            1.9232592899929866,
            -1.4738474862228572,
            -1.928999420359168,
            2.555029344327417e-05
        ],
        [
            -3.389383470905273,
            -3.1062159869683796,
            2.117734030974015,
            -0.8138573727099676,
            -2.7193383322196745,
            1.6641829791708472e-05
        ],
        [
            -3.1146301265722416,
            -2.823444217737117,
            1.9647668959354676,
            -0.9853551866278648,
            -1.9517771925771283,
            1.601769817945262e-05
        ],
        [
            -4.899224250340888,
            -1.1328190795547315,
            1.638582661300733,
            -1.6487824054465667,
            -2.1902840069470924,
            2.414774675045472e-05
        ]
    ],
    "goal_config": [
        [
            -3.21707606935737,
            -0.808078431533352,
            1.2039095492553462,
            -1.9036241295620608,
            -1.5267705495104498,
            -8.156495934802041e-07
        ],
        [
            -2.8824258824856845,
            -2.7773198317709755,
            1.4376287704534727,
            -1.3014758063931446,
            -1.845931079621621,
            4.7230934316080716e-07
        ],
        [
            -1.882598111240231,
            -1.870604422320218,
            1.7102241358609838,
            -1.432898547857679,
            -1.1079418653251352,
            -2.0572812780721994e-05
        ],
        [
            -2.025137954858287,
            -2.046562601134446,
            1.4343908149961875,
            -1.5037553664135843,
            -0.9648175732352341,
            -2.5896955755253637e-05
        ]
    ],
    "base_poses": [
        [
            [
                0.3653088651609768,
                0.4999014074878685,
                0.0
            ],
            [
                0.0,
                0.0,
                -0.5899995047668586,
                0.8074036068626779
            ]
        ],
        [
            [
                -0.0983436269750968,
                -0.31124314527238345,
                0.0
            ],
            [
                -0.0,
                -0.0,
                0.7785172536385889,
                0.627623203671621
            ]
        ],
        [
            [
                -0.49569333412778854,
                -0.7192795847177014,
                0.0
            ],
            [
                0.0,
                0.0,
                -0.8626437604461961,
                0.5058119636418714
            ]
        ],
        [
            [
                -0.42788724569432407,
                0.3936070647153571,
                0.0
            ],
            [
                0.0,
                0.0,
                0.997409648800467,
                0.07193046975885194
            ]
        ]
    ],
    "difficulty": 0.8247907457914041,
    "dynamic_speed": null
}