{
    "target_eff_poses": [
        [
            [
                0.8088390827178955,
                -0.631108283996582,
                0.570758581161499
            ],
            [
                0.29604047536849976,
                0.20425209403038025,
                -0.7248654961585999,
                0.5875467658042908
            ]
        ],
        [
            [
                -0.32895728945732117,
                0.11286114156246185,
                0.29211097955703735
            ],
            [
                0.8099594116210938,
                0.1540854126214981,
                -0.5657615661621094,
                -0.011719301342964172
            ]
        ]
    ],
    "start_goal_config": [
        null,
        null
    ],
    "start_config": [
        [
            -4.112846452549715,
            -1.1533111558774531,
            1.6079900432708774,
            -1.6588038243602596,
            -1.8189817812746203,
            2.5326590412363515e-05
        ],
        [
            -3.790891076124841,
            -1.2918126048040148,
            1.7061848353302855,
            -1.583617564560795,
            -1.7364243374231798,
            1.71506987732847e-05
        ]
    ],
    "goal_config": [
        [
            -2.9128303263942517,
            -2.8288825458002864,
            1.613860337825452,
            -1.1907510475685585,
            -1.4935883754619346,
            -7.2900171406383e-06
        ],
        [
            -2.9138318418664118,
            -2.680567102213235,
            2.241934719569792,
            -0.7643741483947539,
            -1.7794985468528413,
            2.7976943213414563e-06
        ]
    ],
    "base_poses": [
        [
            [
                0.6640110107535631,
                -0.7012886281805705,
                0.0
            ],
            [
                -0.0,
                -0.0,
                0.5039450882725988,
                0.8637356933726443
            ]
        ],
        [
            [
                -0.32580402918682094,
                0.19677275711614484,
                0.0
            ],
            [
                0.0,
                0.0,
                -0.03023393787706621,
                0.9995428500071649
            ]
        ]
    ],
    "difficulty": 0.06573873789146996,
    "dynamic_speed": null,
    "ur5_count": 2,
    "id": "018076",
    "task_path": "/home/huy/programming/projects/workspace-sharing-multiarm/src/data/8f14d7-hard-vlo-tasks/018076.json"
}