{
    "target_eff_poses": [
        [
            [
                -0.3670212924480438,
                -0.6789782047271729,
                0.6487066149711609
            ],
            [
                -0.15806370973587036,
                -0.021046355366706848,
                0.9366850256919861,
                0.31175971031188965
            ]
        ],
        [
            [
                -0.5262194275856018,
                0.16025540232658386,
                0.6395058035850525
            ],
            [
                -0.46101874113082886,
                -0.04911179095506668,
                0.8852208852767944,
                -0.037865106016397476
            ]
        ],
        [
            [
                0.13285496830940247,
                0.8579055666923523,
                0.5986275672912598
            ],
            [
                -0.42362746596336365,
                0.3090541958808899,
                0.5499062538146973,
                0.6500988006591797
            ]
        ],
        [
            [
                0.851544201374054,
                0.2008926272392273,
                0.3559512197971344
            ],
            [
                -0.37160760164260864,
                0.6786065101623535,
                0.29554224014282227,
                0.5604068636894226
            ]
        ]
    ],
    "start_goal_config": [
        null,
        null,
        null,
        null
    ],
    "start_config": [
        [
            -3.661033556598785,
            -0.7809836749912219,
            1.0569416528825746,
            -1.9718353636026322,
            -1.634096861651369,
            6.051717013376477e-06
        ],
        [
            -3.8602830046951295,
            -1.3611149249872265,
            1.7191687231579547,
            -1.5608362920228984,
            -1.7611792062663538,
            1.8374312440403286e-05
        ],
        [
            -3.1419355973699847,
            -2.605602437175739,
            1.7477128723387143,
            -1.2013301374276157,
            -1.8152958698855102,
            1.4365248791025852e-05
        ],
        [
            -4.5387333650434805,
            -1.024097205390893,
            1.293022955795927,
            -1.8112688037199374,
            -1.948862278489038,
            2.928661180833735e-05
        ]
    ],
    "goal_config": [
        [
            -2.709034877740747,
            -2.8677175494925513,
            1.3565525835667769,
            -1.3101258347299096,
            -2.024565765928743,
            3.620532048874528e-05
        ],
        [
            -3.398484437155391,
            -1.7083843131554906,
            1.2259086356202915,
            -1.6949456149701583,
            -1.6341841653128388,
            1.1171308655704289e-05
        ],
        [
            -3.8822273525722397,
            -1.8227841713249444,
            1.3798932158973904,
            -1.594724508906778,
            -1.8092204746878136,
            9.908420233820546e-06
        ],
        [
            -3.0079986034979114,
            -1.9158417490455093,
            1.882851669272159,
            -1.3393060907595173,
            -1.586492919335747,
            8.30809856173437e-06
        ]
    ],
    "base_poses": [
        [
            [
                -0.597955185103163,
                -0.5817386006115953,
                0.0
            ],
            [
                0.0,
                0.0,
                -0.30571728235164275,
                0.9521223362948303
            ]
        ],
        [
            [
                -0.10515761015036262,
                0.32545912252066533,
                0.0
            ],
            [
                -0.0,
                -0.0,
                0.20150214714808004,
                0.9794880727679707
            ]
        ],
        [
            [
                0.23907634922825616,
                0.47472741554249365,
                0.0
            ],
            [
                0.0,
                0.0,
                -0.3701459404111639,
                0.9289736179231007
            ]
        ],
        [
            [
                0.7668217006953479,
                -0.12128624110315589,
                0.0
            ],
            [
                0.0,
                0.0,
                0.9104771521368398,
                -0.4135593735327371
            ]
        ]
    ],
    "difficulty": 0.825449073638672,
    "dynamic_speed": null
}