{
    "target_eff_poses": [
        [
            [
                0.4690297842025757,
                0.4982239902019501,
                0.656670093536377
            ],
            [
                -0.2691488564014435,
                0.4019731879234314,
                0.8116484880447388,
                0.327418714761734
            ]
        ]
    ],
    "start_goal_config": [
        null
    ],
    "start_config": [
        [
            -4.660805660504254,
            -1.1428203874380265,
            1.403765429835166,
            -1.7368569017145798,
            -2.0188642835566677,
            3.2106917920212585e-05
        ]
    ],
    "goal_config": [
        [
            -1.9975820494957695,
            -2.0005386497931936,
            1.3994778780540005,
            -1.5306271724183362,
            -0.9734316508001221,
            -2.2735522121273227e-05
        ]
    ],
    "base_poses": [
        [
            [
                0.705621048788333,
                0.25788055113219577,
                0.0
            ],
            [
                0.0,
                0.0,
                0.950277717800614,
                -0.3114036914547686
            ]
        ]
    ],
    "difficulty": 0.0,
    "dynamic_speed": null,
    "ur5_count": 1,
    "id": "019903",
    "task_path": "/home/hqh2101/workspace-sharing-multiarm/src/data/8f14d7-hard-vlo-tasks/019903.json"
}