{
    "target_eff_poses": [
        [
            [
                0.014546672813594341,
                -0.6369843482971191,
                0.3027392625808716
            ],
            [
                0.80032879114151,
                -0.029767852276563644,
                -0.5919052958488464,
                -0.09075047075748444
            ]
        ]
    ],
    "start_goal_config": [
        null
    ],
    "start_config": [
        [
            -2.8544539676974034,
            -3.1857002183474408,
            1.770579374598676,
            -0.9060919288542428,
            -1.5208522369398387,
            -3.95481504994524e-06
        ]
    ],
    "goal_config": [
        [
            -3.4670608916156698,
            -1.6730266829188927,
            1.822884645344564,
            -1.4339129864190783,
            -1.685748643378565,
            1.7612082315451866e-05
        ]
    ],
    "base_poses": [
        [
            [
                0.4238988178805534,
                -0.6194580939554243,
                0.0
            ],
            [
                -0.0,
                -0.0,
                0.06803461226945903,
                0.9976829614328112
            ]
        ]
    ],
    "difficulty": 0.0,
    "dynamic_speed": null,
    "ur5_count": 1,
    "id": "020641",
    "task_path": "/home/hqh2101/workspace-sharing-multiarm/src/data/8f14d7-hard-vlo-tasks/020641.json"
}