{
    "target_eff_poses": [
        [
            [
                -0.7502030730247498,
                -0.31987541913986206,
                0.27868399024009705
            ],
            [
                -0.511073887348175,
                0.7073206305503845,
                -0.29140982031822205,
                0.3918944001197815
            ]
        ]
    ],
    "start_goal_config": [
        null
    ],
    "start_config": [
        [
            -2.331162201098458,
            -2.947819543338021,
            2.2052081577529257,
            -0.6701338288888975,
            -0.9894715803591844,
            -1.113650975438687e-05
        ]
    ],
    "goal_config": [
        [
            -4.0658684707816075,
            -2.8083950217668012,
            2.461458014965844,
            -0.6734881350628401,
            -2.8358827428004205,
            6.612286242785574e-06
        ]
    ],
    "base_poses": [
        [
            [
                -0.7774612942286216,
                -0.30467860294391386,
                0.0
            ],
            [
                0.0,
                0.0,
                0.8981313221015487,
                -0.43972733399246877
            ]
        ]
    ],
    "difficulty": 0.0,
    "dynamic_speed": null
}