{
    "target_eff_poses": [
        [
            [
                -0.19444645941257477,
                -0.3636249005794525,
                0.37153783440589905
            ],
            [
                -0.7009260058403015,
                0.15970440208911896,
                0.11349544674158096,
                0.6857959032058716
            ]
        ],
        [
            [
                -0.7761772871017456,
                -0.4535673260688782,
                0.8012624979019165
            ],
            [
                -0.15738539397716522,
                0.025797562673687935,
                0.7779504060745239,
                0.6077478528022766
            ]
        ],
        [
            [
                -0.43115130066871643,
                0.010930897668004036,
                0.44004034996032715
            ],
            [
                -0.6907171010971069,
                -0.11230584979057312,
                0.7076777815818787,
                0.09741382300853729
            ]
        ]
    ],
    "start_goal_config": [
        null,
        null,
        null
    ],
    "start_config": [
        [
            -3.1257461962918907,
            -2.3741918389602477,
            1.2820768737952297,
            -1.5018353191078668,
            -1.7247644454306346,
            -3.040059961218418e-06
        ],
        [
            -3.65463031728808,
            -2.429625424472268,
            1.7937958066011235,
            -1.23766184427504,
            -2.000243833600241,
            2.2704929297604002e-05
        ],
        [
            -3.0076555796618347,
            -1.3580175245587616,
            1.1841133771923666,
            -1.7937171555416975,
            -1.4964513638895864,
            -6.823467221109672e-07
        ]
    ],
    "goal_config": [
        [
            -3.702871097844851,
            -2.969524415417402,
            2.2382500823123195,
            -0.8058986130059291,
            -2.7535611914552556,
            1.2270376398649739e-05
        ],
        [
            -3.056771015120538,
            -2.4082666261330896,
            1.1461724980945247,
            -1.559143009156218,
            -2.071592764583569,
            3.171494599110972e-05
        ],
        [
            -3.91732031956437,
            -1.9939480008549033,
            1.7737845570709745,
            -1.3712180845717645,
            -1.868772721559217,
            3.188848673204373e-05
        ]
    ],
    "base_poses": [
        [
            [
                -0.2035832316075945,
                -0.32919507802224485,
                0.0
            ],
            [
                0.0,
                0.0,
                -0.5096382798882566,
                0.8603887631022031
            ]
        ],
        [
            [
                -0.7815300489129875,
                -0.3788519281394619,
                0.0
            ],
            [
                0.0,
                0.0,
                -0.4396352810110627,
                0.8981763856227372
            ]
        ],
        [
            [
                -0.12752616878413137,
                0.08935173312678535,
                0.0
            ],
            [
                -0.0,
                -0.0,
                0.3894862249871789,
                0.9210322907179946
            ]
        ]
    ],
    "difficulty": 0.8270676691729323,
    "dynamic_speed": null
}