{
    "target_eff_poses": [
        [
            [
                -0.575715184211731,
                0.5703617334365845,
                0.37395039200782776
            ],
            [
                0.2844693064689636,
                0.4386625289916992,
                -0.3413395285606384,
                0.781114399433136
            ]
        ],
        [
            [
                -0.38252851366996765,
                0.06082902103662491,
                0.6509765982627869
            ],
            [
                -0.1118171364068985,
                0.3502282202243805,
                0.13535375893115997,
                0.920063316822052
            ]
        ],
        [
            [
                -0.28027936816215515,
                1.2171958684921265,
                0.3698214292526245
            ],
            [
                -0.3994341492652893,
                0.5125113129615784,
                0.5536271929740906,
                0.5208467841148376
            ]
        ],
        [
            [
                0.27006083726882935,
                -0.24248605966567993,
                0.7238138318061829
            ],
            [
                -0.030719079077243805,
                0.05278237536549568,
                0.9226747155189514,
                0.38071224093437195
            ]
        ]
    ],
    "start_goal_config": [
        null,
        null,
        null,
        null
    ],
    "start_config": [
        [
            -2.754367549572997,
            -3.1755929723949228,
            1.4172035341898876,
            -1.1327375491307587,
            -1.918279465799439,
            -1.0349253941893659e-05
        ],
        [
            -3.523638774156804,
            -2.5089310991072744,
            1.6534610385717952,
            -1.284711670157734,
            -2.11004743643969,
            2.1639236316990594e-05
        ],
        [
            -3.2836974848390748,
            -2.3693386812302837,
            1.2464962969218143,
            -1.5200459477607895,
            -2.0403371938596315,
            3.140063030036524e-05
        ],
        [
            -4.184146292352073,
            -2.135800673035409,
            1.743219068274557,
            -1.3482743143311153,
            -2.040325326801438,
            2.2485666916345813e-05
        ]
    ],
    "goal_config": [
        [
            -2.750046000173212,
            -3.1864816913343565,
            1.910809031649045,
            -0.7655931501758872,
            -1.4074643126222501,
            7.261045632017357e-12
        ],
        [
            -3.0669541836789507,
            -2.534059342172611,
            1.49615688640846,
            -1.3507363808745672,
            -1.7337818151596867,
            1.089408094040811e-05
        ],
        [
            -2.7002799690402273,
            -1.2685139493863389,
            1.301387418189258,
            -1.7598712942777877,
            -1.4169309213689494,
            -5.6843930650704374e-06
        ],
        [
            -3.2840516300969744,
            -2.7529195343270665,
            1.1780674594050968,
            -1.4445032287363995,
            -0.9182119383975502,
            -3.12871540514553e-05
        ]
    ],
    "base_poses": [
        [
            [
                -0.5919034678062833,
                0.3584012287347864,
                0.0
            ],
            [
                -0.0,
                -0.0,
                0.7716138165239269,
                0.6360912813027542
            ]
        ],
        [
            [
                -0.3515874691728124,
                -0.022063573060326802,
                0.0
            ],
            [
                0.0,
                0.0,
                0.9819586067052166,
                -0.18909599339369865
            ]
        ],
        [
            [
                -0.2103770592245484,
                0.5759064782840837,
                0.0
            ],
            [
                0.0,
                0.0,
                0.8686598753651759,
                -0.49540894312734934
            ]
        ],
        [
            [
                0.41848021857714035,
                0.06118769827545434,
                0.0
            ],
            [
                0.0,
                0.0,
                -0.6023165956302095,
                0.7982573010179328
            ]
        ]
    ],
    "difficulty": 0.7429269285568899
}