{
    "target_eff_poses": [
        [
            [
                0.9665850400924683,
                0.32150575518608093,
                0.12227769196033478
            ],
            [
                0.6577226519584656,
                0.63712477684021,
                -0.09351105988025665,
                0.39080503582954407
            ]
        ]
    ],
    "start_goal_config": [
        null
    ],
    "start_config": [
        [
            -4.990789204911418,
            -1.0239012154967138,
            1.4923253245715418,
            -1.7192954878925242,
            -2.247534235533705,
            2.7388312782646252e-05
        ]
    ],
    "goal_config": [
        [
            -1.738812654281159,
            -1.3670902662242779,
            2.019964541081445,
            -1.4799057733065184,
            -1.004371220334845,
            -2.1924241263636885e-05
        ]
    ],
    "base_poses": [
        [
            [
                0.6124339468999906,
                0.5684648526545621,
                0.0
            ],
            [
                -0.0,
                -0.0,
                0.34412868629758736,
                0.938922492683553
            ]
        ]
    ],
    "difficulty": 0.0,
    "dynamic_speed": null
}