{
    "target_eff_poses": [
        [
            [
                0.015291685238480568,
                0.02902711182832718,
                0.23819176852703094
            ],
            [
                0.1911381185054779,
                0.8937171697616577,
                -0.39445945620536804,
                0.09559138864278793
            ]
        ]
    ],
    "start_goal_config": [
        null
    ],
    "start_config": [
        [
            -3.412996223035405,
            -2.643177681577504,
            1.982642940665973,
            -1.055961237466349,
            -2.01773723437626,
            1.6189056057644912e-05
        ]
    ],
    "goal_config": [
        [
            -5.15030101224193,
            -1.7029860509580352,
            2.142711407392622,
            -1.2755811648605053,
            -2.6931377313319085,
            2.2077092924481195e-05
        ]
    ],
    "base_poses": [
        [
            [
                0.014315821893444047,
                0.36046290267977055,
                0.0
            ],
            [
                0.0,
                0.0,
                0.9730954813277137,
                -0.23040222268803148
            ]
        ]
    ],
    "difficulty": 0.0,
    "dynamic_speed": null,
    "ur5_count": 1,
    "id": "026040",
    "task_path": "/home/hqh2101/workspace-sharing-multiarm/src/data/8f14d7-hard-vlo-tasks/026040.json"
}