{
    "target_eff_poses": [
        [
            [
                0.15315671265125275,
                0.30926090478897095,
                0.3585308790206909
            ],
            [
                -0.16834527254104614,
                0.5710971355438232,
                0.1588234305381775,
                0.7875804901123047
            ]
        ]
    ],
    "start_goal_config": [
        null
    ],
    "start_config": [
        [
            -4.532130115762901,
            -0.9139366077443624,
            1.1968109973972532,
            -1.8749807011755608,
            -1.9351152376495917,
            2.885461232014154e-05
        ]
    ],
    "goal_config": [
        [
            -3.6900623709770617,
            -1.0802877037662966,
            1.1036592948996602,
            -1.8894542253323172,
            -1.6584643729213817,
            8.423890617537781e-06
        ]
    ],
    "base_poses": [
        [
            [
                -0.4384733037674359,
                -0.11356510851411838,
                0.0
            ],
            [
                0.0,
                0.0,
                0.869274744907915,
                -0.4943292605797065
            ]
        ]
    ],
    "difficulty": 0.0
}