{
    "target_eff_poses": [
        [
            [
                0.3017279803752899,
                0.5704655647277832,
                0.3724302649497986
            ],
            [
                -0.48607954382896423,
                0.5595492124557495,
                0.31380292773246765,
                0.5934299230575562
            ]
        ],
        [
            [
                -0.6979969143867493,
                -0.5988280177116394,
                0.32931241393089294
            ],
            [
                0.790036141872406,
                -0.06138644739985466,
                -0.5622027516365051,
                0.2366485744714737
            ]
        ],
        [
            [
                0.17777255177497864,
                -0.8914980888366699,
                0.3148779571056366
            ],
            [
                0.6277308464050293,
                0.07304191589355469,
                -0.625859260559082,
                0.45707663893699646
            ]
        ],
        [
            [
                -0.17761586606502533,
                0.4217059016227722,
                0.45784279704093933
            ],
            [
                -0.20163168013095856,
                0.6545681953430176,
                -0.27394625544548035,
                0.6751582026481628
            ]
        ]
    ],
    "start_goal_config": [
        null,
        null,
        null,
        null
    ],
    "start_config": [
        [
            -2.7782690615477317,
            -1.7247533734242328,
            2.261005541338091,
            -1.226222977188456,
            -1.5233066761782474,
            3.96168554249341e-06
        ],
        [
            -3.149002670165368,
            -2.601651556291511,
            1.5317093363248928,
            -1.3140821714889286,
            -1.99476899093581,
            3.063963195014127e-05
        ],
        [
            -3.2392544106949113,
            -2.858916783254587,
            2.036811107044227,
            -0.9202764750052291,
            -2.105627527931939,
            1.4168009500661013e-05
        ],
        [
            -4.680615557278385,
            -1.7784587275091441,
            1.1670397418100957,
            -1.6831156745548854,
            -2.2320408823986306,
            3.620455893562471e-05
        ]
    ],
    "goal_config": [
        [
            -3.190973136519803,
            -2.4932854797093023,
            2.067598120881003,
            -1.0462059898975231,
            -1.7996269561931821,
            1.5052653326705164e-05
        ],
        [
            -2.1607534824830887,
            -2.530679411416359,
            2.1866804905251276,
            -0.9680658240975383,
            -1.0948340471211886,
            -7.758143108693674e-06
        ],
        [
            -1.7213796029328554,
            -1.008067364870243,
            1.1152611957586274,
            -1.8805980358181829,
            -1.055844225452695,
            -2.5529868459587907e-05
        ],
        [
            -4.179387176320222,
            -2.3648406194848337,
            1.9293589068870167,
            -1.1971138320915573,
            -2.2550657713387396,
            1.6204906589986747e-05
        ]
    ],
    "base_poses": [
        [
            [
                0.3398872618842099,
                0.44831182422886084,
                0.0
            ],
            [
                0.0,
                0.0,
                -0.8106521757532285,
                0.5855280095320434
            ]
        ],
        [
            [
                -0.6723709834186272,
                -0.4125220009523567,
                0.0
            ],
            [
                0.0,
                0.0,
                -0.3240298177693011,
                0.946046868393101
            ]
        ],
        [
            [
                0.5976089500811657,
                -0.2671056228013454,
                0.0
            ],
            [
                0.0,
                0.0,
                -0.3304743133062124,
                0.9438149862365968
            ]
        ],
        [
            [
                -0.3325986057538735,
                0.40808776353919396,
                0.0
            ],
            [
                0.0,
                0.0,
                0.8890257349438186,
                -0.4578572295023888
            ]
        ]
    ],
    "difficulty": 0.6869180852064328,
    "dynamic_speed": null,
    "ur5_count": 4,
    "id": "028277",
    "task_path": "/home/hqh2101/workspace-sharing-multiarm/src/data/8f14d7-hard-vlo-tasks/028277.json"
}