{
    "target_eff_poses": [
        [
            [
                1.0442606210708618,
                -0.1979343146085739,
                0.1314598172903061
            ],
            [
                -0.4613245129585266,
                0.8439823389053345,
                -0.25737422704696655,
                0.09290968626737595
            ]
        ],
        [
            [
                0.4987167418003082,
                0.5075287818908691,
                0.5996810793876648
            ],
            [
                0.1573847234249115,
                0.09841608256101608,
                0.9370940923690796,
                -0.29563331604003906
            ]
        ],
        [
            [
                -0.2631312608718872,
                0.28872132301330566,
                0.43281903862953186
            ],
            [
                -0.6138212084770203,
                0.06619176268577576,
                0.5052390098571777,
                0.6029724478721619
            ]
        ]
    ],
    "start_goal_config": [
        null,
        null,
        null
    ],
    "start_config": [
        [
            -2.8532173521370074,
            -2.804288168429,
            1.532050854793887,
            -1.2496309782909731,
            -2.1781751271581395,
            3.3701907886136067e-17
        ],
        [
            -4.051434829332583,
            -0.984648657664215,
            1.3422997644702996,
            -1.80534353915886,
            -1.7741777712342315,
            2.0191537786610912e-05
        ],
        [
            -3.3990491813103167,
            -2.6670045155878577,
            2.182771969817682,
            -0.8799788330502308,
            -2.048728065892055,
            5.568574042097989e-14
        ]
    ],
    "goal_config": [
        [
            -5.460355755944728,
            -1.1450298370088536,
            1.921094173838265,
            -1.3303753984439015,
            -3.29539782267139,
            2.0219945855943536e-05
        ],
        [
            -2.821039810374046,
            -3.054484150302873,
            0.9591268727884897,
            -1.4196490249729818,
            -1.82405449610514,
            -9.770602201378571e-06
        ],
        [
            -5.090000872781747,
            -1.2043575862859397,
            1.1651215454020796,
            -1.7715707554701063,
            -2.3367290819364683,
            -4.3061637775487715e-05
        ]
    ],
    "base_poses": [
        [
            [
                0.6658724247979599,
                0.16250348954986715,
                0.0
            ],
            [
                0.0,
                0.0,
                -0.6986317752503647,
                0.7154814061948248
            ]
        ],
        [
            [
                0.09179601549393435,
                0.14857146101622942,
                0.0
            ],
            [
                -0.0,
                -0.0,
                0.2686101681350763,
                0.9632489696721435
            ]
        ],
        [
            [
                0.11900090631141058,
                -0.2478140481010923,
                0.0
            ],
            [
                -0.0,
                -0.0,
                0.4651443175368846,
                0.8852348636735597
            ]
        ]
    ],
    "difficulty": 0.6054684849718434
}