{
    "target_eff_poses": [
        [
            [
                0.7355159521102905,
                1.114985704421997,
                0.325787752866745
            ],
            [
                -0.08795307576656342,
                0.7412515878677368,
                0.26523682475090027,
                0.6102948188781738
            ]
        ],
        [
            [
                -0.18162935972213745,
                0.6856333017349243,
                0.15192323923110962
            ],
            [
                -0.06672350317239761,
                0.8935908675193787,
                -0.14574618637561798,
                0.4192866384983063
            ]
        ],
        [
            [
                -0.6201581358909607,
                0.44154027104377747,
                0.6111231446266174
            ],
            [
                -0.3507704734802246,
                0.34278738498687744,
                0.4773072898387909,
                0.7291327714920044
            ]
        ],
        [
            [
                0.06773442029953003,
                0.6414099931716919,
                0.48171332478523254
            ],
            [
                -0.038724396377801895,
                0.6652805209159851,
                -0.4934791922569275,
                0.5589101910591125
            ]
        ]
    ],
    "start_goal_config": [
        null,
        null,
        null,
        null
    ],
    "start_config": [
        [
            -3.4797968718083707,
            -1.6179300621187391,
            1.4017000408062448,
            -1.6348062936393424,
            -1.6558188280559838,
            1.3960368778161332e-05
        ],
        [
            -5.19602586223187,
            -1.1308126932125502,
            1.673539535261288,
            -1.601211876116317,
            -2.5109006780834586,
            5.219395260474588e-17
        ],
        [
            -4.6663781010204675,
            -1.8561994424043282,
            1.3649187018419555,
            -1.5794496845735615,
            -2.209136402238677,
            2.6819626007064584e-05
        ],
        [
            -2.3046386552747977,
            -1.900862723062407,
            2.351797174231022,
            -1.1246644406096467,
            -1.2912145808507018,
            -2.7098828412623856e-11
        ]
    ],
    "goal_config": [
        [
            -2.1772709628403364,
            -1.4634524966104663,
            1.5949051515714074,
            -1.5876128258698576,
            -1.2789237000340907,
            -1.6093451438135578e-05
        ],
        [
            -4.4062808603768,
            -1.4036918689700086,
            1.9508709801602877,
            -1.4670600893759378,
            -1.9798640388791424,
            3.833490983676937e-06
        ],
        [
            -3.401264536382809,
            -2.283348597145006,
            1.5595303581752702,
            -1.3925553357633347,
            -1.788090824814315,
            8.577709560910068e-06
        ],
        [
            -4.235756407835191,
            -2.373688063392737,
            1.9013471636220296,
            -1.210488948820782,
            -2.3522431961175068,
            7.495014994674045e-06
        ]
    ],
    "base_poses": [
        [
            [
                0.3652140635055776,
                0.7293124126815977,
                0.0
            ],
            [
                0.0,
                0.0,
                0.9763041755273576,
                0.2164027653424199
            ]
        ],
        [
            [
                -0.5913561753429166,
                0.7351917202145866,
                0.0
            ],
            [
                0.0,
                0.0,
                0.8764574571108443,
                -0.48147930991351284
            ]
        ],
        [
            [
                -0.5719946251278272,
                0.2661063074376784,
                0.0
            ],
            [
                0.0,
                0.0,
                -0.6836061840237331,
                0.7298510705373459
            ]
        ],
        [
            [
                -0.05952691920442721,
                0.7188780880101553,
                0.0
            ],
            [
                0.0,
                0.0,
                0.9770822293779451,
                -0.21286220198481612
            ]
        ]
    ],
    "difficulty": 0.9622872190350795,
    "dynamic_speed": null
}