{
    "target_eff_poses": [
        [
            [
                -0.6673917770385742,
                -0.815707266330719,
                0.5282446146011353
            ],
            [
                -0.5249096751213074,
                0.1495717614889145,
                0.8337805867195129,
                -0.08311557024717331
            ]
        ],
        [
            [
                0.25464650988578796,
                -1.1612015962600708,
                0.34374985098838806
            ],
            [
                0.2028510719537735,
                0.708469569683075,
                -0.6699978113174438,
                0.0895843654870987
            ]
        ],
        [
            [
                0.3436427414417267,
                0.4310249984264374,
                0.24291247129440308
            ],
            [
                -0.3824635446071625,
                0.7764932513237,
                0.22320766746997833,
                0.4482836127281189
            ]
        ]
    ],
    "start_goal_config": [
        null,
        null,
        null
    ],
    "start_config": [
        [
            -3.1702283704906424,
            -2.518143356153186,
            1.4445752289656717,
            -1.3815133956024221,
            -1.923019020313521,
            2.810977947409494e-05
        ],
        [
            -3.7238542974571427,
            -0.8523563615162054,
            1.106019594067774,
            -1.9356373029682372,
            -1.6575199815170378,
            6.771823181649172e-06
        ],
        [
            -3.4056380582274994,
            -1.5346821304485287,
            2.1753605041164445,
            -1.3266064899992358,
            -1.7042549985723392,
            2.024845775892509e-05
        ]
    ],
    "goal_config": [
        [
            -2.0409669633351606,
            -1.4401726442034994,
            1.2086413959337305,
            -1.7553561314181672,
            -1.193840511850745,
            -2.107243989460825e-05
        ],
        [
            -5.338383284446526,
            -1.1074988182699252,
            1.2755854740326829,
            -1.6526985824625033,
            -2.729812950959987,
            -8.638256491344538e-05
        ],
        [
            -2.9417859286331804,
            -1.7623319733333662,
            2.029615676649451,
            -1.3162804116774165,
            -1.5664854079825445,
            6.480276104128387e-06
        ]
    ],
    "base_poses": [
        [
            [
                -0.07605599001049401,
                -0.7627168293864847,
                0.0
            ],
            [
                0.0,
                0.0,
                -0.5967464136751583,
                0.8024298833953262
            ]
        ],
        [
            [
                0.3614680851087282,
                -0.5032675706851575,
                0.0
            ],
            [
                0.0,
                0.0,
                0.9713358552422056,
                -0.23771128774396266
            ]
        ],
        [
            [
                0.24018457031111473,
                0.11424054339984568,
                0.0
            ],
            [
                0.0,
                0.0,
                0.9359229509301222,
                -0.35220481246321994
            ]
        ]
    ],
    "difficulty": 0.7957898693731792,
    "dynamic_speed": null
}