{
    "target_eff_poses": [
        [
            [
                -0.0755627229809761,
                0.10084998607635498,
                0.8263585567474365
            ],
            [
                -0.025557801127433777,
                0.15894769132137299,
                -0.3164382576942444,
                0.9348525404930115
            ]
        ]
    ],
    "start_goal_config": [
        null
    ],
    "start_config": [
        [
            -2.330136591362104,
            -1.7107481265224398,
            2.1372711261319575,
            -1.2979954858210818,
            -1.3420727234552412,
            -6.770841970183189e-06
        ]
    ],
    "goal_config": [
        [
            -3.2371219009341816,
            -2.296187880155329,
            1.0934105830279612,
            -1.6154133803703816,
            -2.0566930321109544,
            3.192022853809145e-05
        ]
    ],
    "base_poses": [
        [
            [
                -0.0818678215332016,
                0.052789864305963774,
                0.0
            ],
            [
                0.0,
                0.0,
                0.9993639254663846,
                0.03566152655760046
            ]
        ]
    ],
    "difficulty": 0.0
}