{
    "target_eff_poses": [
        [
            [
                -0.6050601005554199,
                -0.28692761063575745,
                0.3344176411628723
            ],
            [
                0.7959820032119751,
                0.15713615715503693,
                -0.51225745677948,
                -0.2816259562969208
            ]
        ]
    ],
    "start_goal_config": [
        null
    ],
    "start_config": [
        [
            -3.005516665498752,
            -2.5323731456447525,
            1.221864693351245,
            -1.4870081966849271,
            -1.5125269718824044,
            -4.160880324370167e-06
        ]
    ],
    "goal_config": [
        [
            -4.1269845903151365,
            -2.400314245689256,
            2.1877364988580825,
            -1.0361077194984918,
            -2.268367006601242,
            1.8112726778434623e-05
        ]
    ],
    "base_poses": [
        [
            [
                -0.47513495802629535,
                -0.3013164098076933,
                0.0
            ],
            [
                -0.0,
                -0.0,
                0.33237540796908216,
                0.9431471720666855
            ]
        ]
    ],
    "difficulty": 0.0,
    "dynamic_speed": null
}