{
    "target_eff_poses": [
        [
            [
                0.31162190437316895,
                0.23586051166057587,
                0.45041149854660034
            ],
            [
                -0.25184401869773865,
                0.566713809967041,
                0.21082179248332977,
                0.7556217312812805
            ]
        ],
        [
            [
                -0.7075080871582031,
                -0.9672698378562927,
                0.10850219428539276
            ],
            [
                0.7632022500038147,
                0.5210033655166626,
                -0.37696146965026855,
                0.0630711242556572
            ]
        ]
    ],
    "start_goal_config": [
        null,
        null
    ],
    "start_config": [
        [
            -3.327271170089874,
            -2.490595207086713,
            1.4544008728079876,
            -1.3857499533905229,
            -2.1258486023709584,
            2.812775612767857e-05
        ],
        [
            -2.9361678975872016,
            -2.9174643764305133,
            1.7485236229937038,
            -1.0877555508014687,
            -2.019414577884109,
            1.6883866266438255e-05
        ]
    ],
    "goal_config": [
        [
            -3.0014069677572954,
            -2.627857009749324,
            1.9178358792426804,
            -1.0936926290342983,
            -1.7168954413451696,
            1.1099169064503721e-05
        ],
        [
            -4.422808807632043,
            -1.3503082489217904,
            2.025009800172161,
            -1.4590431507592097,
            -2.003980611452874,
            2.9239781225338163e-05
        ]
    ],
    "base_poses": [
        [
            [
                0.3312099561092938,
                0.13502401108349993,
                0.0
            ],
            [
                0.0,
                0.0,
                0.9624126231032871,
                -0.27159150003534765
            ]
        ],
        [
            [
                -0.469253615899909,
                -0.66298395394837,
                0.0
            ],
            [
                -0.0,
                -0.0,
                0.853679976168494,
                0.5207979438217473
            ]
        ]
    ],
    "difficulty": 0.08467331569305923
}