{
    "target_eff_poses": [
        [
            [
                0.1398979127407074,
                -0.1381506621837616,
                0.4987323582172394
            ],
            [
                0.5471300482749939,
                0.3361557722091675,
                -0.44528141617774963,
                0.6239972710609436
            ]
        ],
        [
            [
                0.3662898540496826,
                0.7611737847328186,
                0.6025866866111755
            ],
            [
                -0.5782967209815979,
                -0.0295197032392025,
                0.5358895659446716,
                0.6144297122955322
            ]
        ],
        [
            [
                0.2948249876499176,
                -0.01156676933169365,
                0.7409122586250305
            ],
            [
                -0.16805331408977509,
                0.2872549593448639,
                0.3462682366371155,
                0.877120852470398
            ]
        ]
    ],
    "start_goal_config": [
        null,
        null,
        null
    ],
    "start_config": [
        [
            -4.4707671673408615,
            -1.6921632074690705,
            1.3566834719515495,
            -1.6299098731403825,
            -2.0079353105898545,
            -1.2112548559886248e-05
        ],
        [
            -1.6994185499419034,
            -2.181474445890432,
            2.072122908483018,
            -1.1888293042830804,
            -0.6998052801497211,
            -1.315625288192917e-05
        ],
        [
            -3.7763170151449623,
            -1.0805903469292553,
            1.133005856371542,
            -1.8757171929443586,
            -1.6842499774846436,
            1.0161564973022604e-05
        ]
    ],
    "goal_config": [
        [
            -2.1297210762974066,
            -2.1367968703178852,
            1.7384841601207233,
            -1.3486938464627811,
            -1.170732864056896,
            9.766777932869936e-06
        ],
        [
            -4.778093333016522,
            -2.0057375811903104,
            1.549882218780954,
            -1.4505888701318284,
            -2.4753733599788963,
            2.9142094656684285e-05
        ],
        [
            -3.3219703976119797,
            -2.167697594217197,
            1.2679483346278295,
            -1.5632931546378044,
            -1.7241554299315631,
            1.232660667156864e-05
        ]
    ],
    "base_poses": [
        [
            [
                -0.0024591645558171837,
                0.12006008539814061,
                0.0
            ],
            [
                -0.0,
                -0.0,
                0.2425956746668033,
                0.9701274857630612
            ]
        ],
        [
            [
                0.5720713660318244,
                0.5582097848081518,
                0.0
            ],
            [
                -0.0,
                -0.0,
                0.4049974424540891,
                0.9143178176135729
            ]
        ],
        [
            [
                0.26353827518394213,
                -0.1960533472631042,
                0.0
            ],
            [
                0.0,
                0.0,
                -0.8562309716851338,
                0.5165931891993268
            ]
        ]
    ],
    "difficulty": 0.7636603028308098,
    "dynamic_speed": null,
    "ur5_count": 3,
    "id": "034113",
    "task_path": "/home/hqh2101/workspace-sharing-multiarm/src/data/8f14d7-hard-vlo-tasks/034113.json"
}