{
    "target_eff_poses": [
        [
            [
                -0.3595793843269348,
                -0.15734750032424927,
                0.6949223875999451
            ],
            [
                -0.21880845725536346,
                0.14594142138957977,
                0.9625561833381653,
                0.06564728170633316
            ]
        ]
    ],
    "start_goal_config": [
        null
    ],
    "start_config": [
        [
            -2.87536714886525,
            -2.219069203346783,
            1.7499534754514354,
            -1.3174665863687103,
            -1.5516580099054653,
            1.850704991379084e-06
        ]
    ],
    "goal_config": [
        [
            -2.925269777310712,
            -2.620670664174965,
            1.3887204047631223,
            -1.3773354952823988,
            -1.050619941073053,
            -3.493046322555679e-05
        ]
    ],
    "base_poses": [
        [
            [
                -0.3272236531819312,
                0.037069920076285845,
                0.0
            ],
            [
                0.0,
                0.0,
                -0.4226336950291159,
                0.9063005902160918
            ]
        ]
    ],
    "difficulty": 0.0,
    "dynamic_speed": null
}