{
    "target_eff_poses": [
        [
            [
                0.6228556036949158,
                0.46464917063713074,
                0.5772645473480225
            ],
            [
                -0.14182034134864807,
                0.0051383669488132,
                -0.7362431883811951,
                0.6616696119308472
            ]
        ]
    ],
    "start_goal_config": [
        null
    ],
    "start_config": [
        [
            -2.612806049096,
            -3.081466258742059,
            1.9639129327948852,
            -0.861367952492333,
            -0.8459586085174179,
            2.364619991132006e-05
        ]
    ],
    "goal_config": [
        [
            -3.330807363935583,
            -3.08456324015993,
            1.027492540715728,
            -1.3693352769604297,
            -0.802392993512078,
            3.5095005514522495e-05
        ]
    ],
    "base_poses": [
        [
            [
                0.07704395961512689,
                0.2687436949815998,
                0.0
            ],
            [
                -0.0,
                -0.0,
                0.42820572527784984,
                0.9036812805626055
            ]
        ]
    ],
    "difficulty": 0.0
}