{
    "target_eff_poses": [
        [
            [
                -1.1563441753387451,
                0.11329637467861176,
                0.16689273715019226
            ],
            [
                -0.5356458425521851,
                0.48026666045188904,
                0.6719008684158325,
                0.17600193619728088
            ]
        ],
        [
            [
                0.8584115505218506,
                0.5098882913589478,
                0.6318780183792114
            ],
            [
                -0.12354548275470734,
                -0.06067866459488869,
                0.8588967323303223,
                -0.4933062493801117
            ]
        ]
    ],
    "start_goal_config": [
        null,
        null
    ],
    "start_config": [
        [
            -4.066833405538033,
            -2.092030725022471,
            2.292951021865645,
            -1.0765072829858373,
            -2.105268776777248,
            1.4001279420734535e-05
        ],
        [
            -3.9648157041180156,
            -1.4971177394283997,
            1.5810570254212744,
            -1.5842526602370979,
            -1.7919268495208946,
            2.0495340974182946e-05
        ]
    ],
    "goal_config": [
        [
            -1.8143447956909875,
            -0.8772066231621283,
            1.215539528029521,
            -1.8739648271062908,
            -1.096047265794448,
            -2.4369715739627207e-05
        ],
        [
            -3.006483554677408,
            -2.916695942295773,
            1.345886748299807,
            -1.2946204637991505,
            -1.50597058925484,
            -5.501748943319636e-06
        ]
    ],
    "base_poses": [
        [
            [
                -0.6121589746912877,
                -0.40483455737234825,
                0.0
            ],
            [
                0.0,
                0.0,
                0.9156813274682356,
                -0.40190509641706434
            ]
        ],
        [
            [
                0.6135637580524358,
                0.3569129459231184,
                0.0
            ],
            [
                -0.0,
                -0.0,
                0.409017251219951,
                0.9125266506817625
            ]
        ]
    ],
    "difficulty": 0.03411654135338346,
    "dynamic_speed": null,
    "ur5_count": 2,
    "id": "035176",
    "task_path": "/home/huy/programming/projects/workspace-sharing-multiarm/src/data/8f14d7-hard-vlo-tasks/035176.json"
}