{
    "target_eff_poses": [
        [
            [
                0.10890934616327286,
                0.7468416690826416,
                0.25430575013160706
            ],
            [
                0.8258693814277649,
                -0.18227386474609375,
                -0.5330610871315002,
                -0.02370549738407135
            ]
        ],
        [
            [
                -0.07676422595977783,
                -0.14187520742416382,
                0.661949634552002
            ],
            [
                -0.337606281042099,
                -0.30766764283180237,
                0.794790506362915,
                -0.3995879292488098
            ]
        ]
    ],
    "start_goal_config": [
        null,
        null
    ],
    "start_config": [
        [
            -2.875047970275253,
            -2.4018598326954734,
            1.439319108078883,
            -1.4163447051311964,
            -1.4696156043122799,
            -6.525565818533624e-06
        ],
        [
            -4.152531841792739,
            -1.736182848901781,
            2.019042724334366,
            -1.336602865040255,
            -1.929864253253561,
            1.952473292579904e-05
        ]
    ],
    "goal_config": [
        [
            -2.4562878476098935,
            -1.6791871122834237,
            1.9396632936953848,
            -1.3861487069724971,
            -1.3980167352996058,
            -3.988827368634415e-06
        ],
        [
            -3.828334067942409,
            -1.9816077546220525,
            1.355908429758497,
            -1.5671664396319853,
            -1.8439969818405348,
            2.6715256447885403e-05
        ]
    ],
    "base_poses": [
        [
            [
                0.49388861372769877,
                0.7798746207629328,
                0.0
            ],
            [
                0.0,
                0.0,
                -0.4559921076386549,
                0.8899838188255208
            ]
        ],
        [
            [
                -0.039292134759230435,
                0.1629744095337925,
                0.0
            ],
            [
                -0.0,
                -0.0,
                0.8109827058596016,
                0.5850701246830494
            ]
        ]
    ],
    "difficulty": 0.19173621005495625
}