{
    "target_eff_poses": [
        [
            [
                0.19381171464920044,
                0.12889395654201508,
                0.5424509644508362
            ],
            [
                -0.11232978105545044,
                0.5292894840240479,
                0.6727240681648254,
                0.5046554207801819
            ]
        ]
    ],
    "start_goal_config": [
        null
    ],
    "start_config": [
        [
            -3.2960375899803216,
            -1.4816013879738656,
            1.5809126141419723,
            -1.5881833828094936,
            -1.606210083569576,
            7.920920535987311e-06
        ]
    ],
    "goal_config": [
        [
            -2.398723009483711,
            -2.600667669573522,
            1.7898809059158531,
            -1.1873559443214525,
            -0.8527260484995791,
            -1.9683190484694625e-05
        ]
    ],
    "base_poses": [
        [
            [
                0.35667107487716243,
                0.017351193604084103,
                0.0
            ],
            [
                0.0,
                0.0,
                0.9807141920064387,
                -0.195447367844026
            ]
        ]
    ],
    "difficulty": 0.0,
    "dynamic_speed": null,
    "ur5_count": 1,
    "id": "036381",
    "task_path": "/home/hqh2101/workspace-sharing-multiarm/src/data/8f14d7-hard-vlo-tasks/036381.json"
}