{
    "target_eff_poses": [
        [
            [
                -0.44448477029800415,
                -0.1904711276292801,
                0.15736569464206696
            ],
            [
                0.6455307006835938,
                0.4532012343406677,
                -0.3695025146007538,
                0.491290807723999
            ]
        ],
        [
            [
                0.38770434260368347,
                0.7323787808418274,
                0.40807411074638367
            ],
            [
                0.7153948545455933,
                -0.10299969464540482,
                -0.6263642907142639,
                -0.29200857877731323
            ]
        ]
    ],
    "start_goal_config": [
        null,
        null
    ],
    "start_config": [
        [
            -1.729650091781748,
            -0.7819789819331707,
            1.1862994744412156,
            -1.904298190055676,
            -1.0487281413425553,
            -2.828832302230137e-05
        ],
        [
            -3.2299945252254587,
            -2.7399468251249814,
            1.2007396306815337,
            -1.4360987610112355,
            -1.0365608873683638,
            -3.176799877917448e-05
        ]
    ],
    "goal_config": [
        [
            -2.181942488192601,
            -1.0535512559568976,
            1.4686205847411355,
            -1.7391619476249758,
            -1.2569588319086267,
            -1.756911194713438e-05
        ],
        [
            -3.5596294414716656,
            -2.3012117426531766,
            1.9609695990936225,
            -1.1857339211157796,
            -1.8640425134067589,
            2.2890063904374423e-05
        ]
    ],
    "base_poses": [
        [
            [
                -0.5730312647678132,
                0.4447682387280967,
                0.0
            ],
            [
                -0.0,
                -0.0,
                0.2851802830497929,
                0.9584738943547915
            ]
        ],
        [
            [
                0.5734972679319184,
                0.6963832030023089,
                0.0
            ],
            [
                0.0,
                0.0,
                -0.08050052738051491,
                0.9967545661252116
            ]
        ]
    ],
    "difficulty": 0.13100724160631994,
    "dynamic_speed": null,
    "ur5_count": 2,
    "id": "036493",
    "task_path": "/home/hqh2101/workspace-sharing-multiarm/src/data/8f14d7-hard-vlo-tasks/036493.json"
}