{
    "target_eff_poses": [
        [
            [
                0.20927438139915466,
                -1.131150245666504,
                0.11455102264881134
            ],
            [
                0.7774283289909363,
                0.4548877775669098,
                -0.08270032703876495,
                0.42643049359321594
            ]
        ],
        [
            [
                -0.8477850556373596,
                -0.09331458061933517,
                0.39218762516975403
            ],
            [
                -0.25260135531425476,
                0.6242006421089172,
                0.612342357635498,
                0.4142499566078186
            ]
        ]
    ],
    "start_goal_config": [
        null,
        null
    ],
    "start_config": [
        [
            -2.2752721352490126,
            -2.033142188500238,
            1.5348663140361694,
            -1.4686471402667085,
            -1.250975234151341,
            -1.3722313219453134e-05
        ],
        [
            -3.523158631077619,
            -2.35076376372858,
            1.4460286485691858,
            -1.4288051234601684,
            -1.9823089227412958,
            3.145243768475484e-05
        ]
    ],
    "goal_config": [
        [
            -1.399784564931379,
            -1.1983300641957662,
            1.8709379486379896,
            -1.5712828932267013,
            -0.7209741363866156,
            -1.9852397556765315e-05
        ],
        [
            -1.587131313159943,
            -1.3417695906340834,
            1.3729832824842068,
            -1.6952640579324698,
            -0.9793124538490945,
            -2.2623943131414322e-05
        ]
    ],
    "base_poses": [
        [
            [
                -0.14562945570585661,
                -0.7448311667673647,
                0.0
            ],
            [
                -0.0,
                -0.0,
                0.08331276016904214,
                0.9965234487923582
            ]
        ],
        [
            [
                -0.7938837553605815,
                -0.711003197975426,
                0.0
            ],
            [
                0.0,
                0.0,
                0.9953026074956659,
                0.09681280655124358
            ]
        ]
    ],
    "difficulty": 0.45913665005172577,
    "dynamic_speed": null,
    "ur5_count": 2,
    "id": "037585",
    "task_path": "/home/huy/programming/projects/workspace-sharing-multiarm/src/data/8f14d7-hard-vlo-tasks/037585.json"
}