{
    "target_eff_poses": [
        [
            [
                -0.2482454478740692,
                -0.7420943975448608,
                0.15035104751586914
            ],
            [
                0.7871023416519165,
                0.46558627486228943,
                -0.3901125490665436,
                0.10729223489761353
            ]
        ],
        [
            [
                0.4186146855354309,
                0.015996074303984642,
                0.555078387260437
            ],
            [
                -0.4855155348777771,
                -0.2373049557209015,
                0.7411008477210999,
                -0.39841005206108093
            ]
        ],
        [
            [
                -0.3226901590824127,
                0.6479877829551697,
                0.2999672293663025
            ],
            [
                0.7070228457450867,
                0.41168999671936035,
                -0.5548865795135498,
                -0.15076802670955658
            ]
        ],
        [
            [
                -0.36846473813056946,
                0.0467916838824749,
                0.6154208779335022
            ],
            [
                -0.478312224149704,
                -0.028704365715384483,
                0.8447924852371216,
                -0.2381577342748642
            ]
        ]
    ],
    "start_goal_config": [
        null,
        null,
        null,
        null
    ],
    "start_config": [
        [
            -4.463183990062891,
            -1.4117671865901351,
            1.3878795714165344,
            -1.683089115795691,
            -1.9493408802227734,
            3.083890200238519e-05
        ],
        [
            -3.489999955488517,
            -1.5865341407675533,
            2.0230728560553,
            -1.3721592600487253,
            -1.7075200224289433,
            1.6282479178158647e-05
        ],
        [
            -2.8909230231107954,
            -2.838600669815109,
            1.9535622704065243,
            -0.9775000392001125,
            -1.7117528290847324,
            3.3090490326225705e-07
        ],
        [
            -4.462029783445228,
            -1.9889887328156188,
            2.41740361371941,
            -1.0709350005235576,
            -2.4238513684280387,
            1.3351623445021343e-05
        ]
    ],
    "goal_config": [
        [
            -3.923608908159976,
            -1.5050050883697064,
            2.059134593471113,
            -1.387200855816096,
            -1.8365449489025973,
            2.1665417228753e-05
        ],
        [
            -3.0630012017287065,
            -1.6019305784718516,
            1.2913073593543516,
            -1.6891282870570854,
            -1.5321537873222355,
            4.022257862597639e-06
        ],
        [
            -5.053216598694814,
            -1.5426429397987533,
            1.7901469306677265,
            -1.472700379549623,
            -2.363386249619768,
            3.125791289746715e-05
        ],
        [
            -2.5102942466198255,
            -1.6079841322954411,
            1.195612784071195,
            -1.7297944150245563,
            -1.3559503565548767,
            -7.752995269089894e-06
        ]
    ],
    "base_poses": [
        [
            [
                -0.06095818099214656,
                -0.4403096156795139,
                0.0
            ],
            [
                -0.0,
                -0.0,
                0.7119694269229778,
                0.7022104635555971
            ]
        ],
        [
            [
                0.6177882176714407,
                0.4889842292135398,
                0.0
            ],
            [
                -0.0,
                -0.0,
                0.42109420058651503,
                0.9070169095625527
            ]
        ],
        [
            [
                0.10804546682349847,
                0.7806538036691548,
                0.0
            ],
            [
                0.0,
                0.0,
                0.8851506927628526,
                0.46530447139635567
            ]
        ],
        [
            [
                0.05114811536921471,
                0.3376398206019,
                0.0
            ],
            [
                0.0,
                0.0,
                -0.14775002231538495,
                0.98902473725676
            ]
        ]
    ],
    "difficulty": 0.6328109098310605
}