{
    "target_eff_poses": [
        [
            [
                1.09235680103302,
                0.003601270029321313,
                0.5149521231651306
            ],
            [
                -0.23046456277370453,
                0.532046914100647,
                0.2710925340652466,
                0.7683234810829163
            ]
        ],
        [
            [
                -0.11769227683544159,
                0.5330783128738403,
                0.7578460574150085
            ],
            [
                -0.24748942255973816,
                0.07232872396707535,
                0.7798251509666443,
                0.5704299211502075
            ]
        ],
        [
            [
                0.10344993323087692,
                -0.32913947105407715,
                0.6871634125709534
            ],
            [
                -0.2129971832036972,
                0.15638840198516846,
                0.8613142967224121,
                0.4339500367641449
            ]
        ]
    ],
    "start_goal_config": [
        null,
        null,
        null
    ],
    "start_config": [
        [
            -3.1227688697931613,
            -2.461898591032986,
            1.369031767635858,
            -1.4344413578357729,
            -1.7940069464535793,
            1.7545029640289083e-05
        ],
        [
            -4.299600037318056,
            -2.2195957486468973,
            1.764757287511625,
            -1.3161781553197287,
            -2.187972808879696,
            3.108285140093677e-05
        ],
        [
            -3.464441932109874,
            -2.3113013663183537,
            1.237132374847232,
            -1.5391209208031442,
            -2.1676685849468447,
            3.7676478928737404e-05
        ]
    ],
    "goal_config": [
        [
            -3.444771220629811,
            -1.5856895472691568,
            1.3479992183119995,
            -1.6668918227487097,
            -1.640367971586861,
            1.1860147836457992e-05
        ],
        [
            -3.246712949808741,
            -2.3687405095082807,
            1.2617975473740741,
            -1.5130633575930437,
            -1.918053733888328,
            2.691816199380653e-05
        ],
        [
            -2.9581297372168107,
            -2.6185986156077075,
            1.3889982123637687,
            -1.3771481259186744,
            -1.4041481060256562,
            -1.1946602886938303e-05
        ]
    ],
    "base_poses": [
        [
            [
                0.7889275000625688,
                -0.4144967007740434,
                0.0
            ],
            [
                0.0,
                0.0,
                -0.8650337504658302,
                0.5017136738768633
            ]
        ],
        [
            [
                -0.051370691852868355,
                0.5532888491603458,
                0.0
            ],
            [
                0.0,
                0.0,
                -0.39434332021997687,
                0.9189631906653741
            ]
        ],
        [
            [
                0.18438962321447028,
                -0.19998416197511104,
                0.0
            ],
            [
                0.0,
                0.0,
                -0.59860508250532,
                0.8010442904102114
            ]
        ]
    ],
    "difficulty": 0.735249906050357,
    "dynamic_speed": null
}