{
    "target_eff_poses": [
        [
            [
                0.6589688658714294,
                -1.0083162784576416,
                0.19286206364631653
            ],
            [
                -0.1482681930065155,
                0.8103622198104858,
                -0.44537144899368286,
                0.3506764769554138
            ]
        ],
        [
            [
                -0.6884122490882874,
                -0.6259071230888367,
                0.5899487733840942
            ],
            [
                -0.33003759384155273,
                0.3083903193473816,
                0.38311904668807983,
                0.8057235479354858
            ]
        ],
        [
            [
                -0.6987427473068237,
                0.22434774041175842,
                0.6669374108314514
            ],
            [
                -0.27667689323425293,
                -0.0006612290744669735,
                0.8606101274490356,
                0.42755061388015747
            ]
        ],
        [
            [
                -0.11965931951999664,
                0.026412835344672203,
                0.456510990858078
            ],
            [
                -0.20589248836040497,
                0.5094689130783081,
                0.14812305569648743,
                0.8222586512565613
            ]
        ]
    ],
    "start_goal_config": [
        null,
        null,
        null,
        null
    ],
    "start_config": [
        [
            -4.614872328150344,
            -1.429360985016814,
            1.4188245998502687,
            -1.662625735909321,
            -2.0209883153631445,
            3.278679759008071e-05
        ],
        [
            -4.682442365499032,
            -1.2710183375706758,
            1.4878141721839926,
            -1.6724201693289333,
            -2.042276459377355,
            3.403931691858135e-05
        ],
        [
            -1.9542422999985511,
            -1.5007562658659561,
            1.2961146919517945,
            -1.701314618078647,
            -1.1612077037011486,
            -2.1699521421796077e-05
        ],
        [
            -3.5637518392739547,
            -1.764319949485336,
            1.891157403858473,
            -1.3788235105600577,
            -1.729554033365428,
            2.118884899039884e-05
        ]
    ],
    "goal_config": [
        [
            -5.298623200533229,
            -1.0212289595762727,
            1.4643306178717872,
            -1.6484508202926995,
            -2.6555525926912,
            3.144774460086783e-05
        ],
        [
            -3.2463207143658077,
            -2.5818395232766442,
            1.6426486346649263,
            -1.2650620254716438,
            -1.9462492744487205,
            2.124720382192478e-05
        ],
        [
            -2.932677077513084,
            -2.68433234041274,
            1.4377025139087647,
            -1.334305321753584,
            -2.0342329952429083,
            -2.6381073889419133e-05
        ],
        [
            -2.9523932803521604,
            -2.8357979609698454,
            1.8871133940322542,
            -1.0293758582883985,
            -1.7766302338588973,
            2.61633627668837e-06
        ]
    ],
    "base_poses": [
        [
            [
                0.1805488237782209,
                -0.5785906978703242,
                0.0
            ],
            [
                0.0,
                0.0,
                -0.7537109466564106,
                0.6572060627309347
            ]
        ],
        [
            [
                -0.6356744868197373,
                -0.6629543113768769,
                0.0
            ],
            [
                0.0,
                0.0,
                -0.7750834762448543,
                0.6318588488358711
            ]
        ],
        [
            [
                -0.7726043135426264,
                0.31774813035125016,
                0.0
            ],
            [
                0.0,
                0.0,
                -0.3276608586250162,
                0.9447954073370156
            ]
        ],
        [
            [
                -0.04231281103676232,
                -0.02245567673116644,
                0.0
            ],
            [
                0.0,
                0.0,
                0.9826502722177515,
                -0.18546817115176126
            ]
        ]
    ],
    "difficulty": 0.7764506724348725,
    "dynamic_speed": null
}