{
    "target_eff_poses": [
        [
            [
                0.27310457825660706,
                -0.7294595241546631,
                0.6798434853553772
            ],
            [
                0.0030339653603732586,
                -0.03782809525728226,
                0.6173915266990662,
                0.7857401371002197
            ]
        ],
        [
            [
                -0.1582861840724945,
                -0.6164381504058838,
                0.3779512643814087
            ],
            [
                0.3479459285736084,
                0.6688297390937805,
                -0.39089494943618774,
                0.5280168056488037
            ]
        ]
    ],
    "start_goal_config": [
        null,
        null
    ],
    "start_config": [
        [
            -3.21478046971792,
            -2.7285859099835794,
            2.018235552550692,
            -0.9884507779523852,
            -1.9445858085410386,
            1.169005080201598e-05
        ],
        [
            -2.232382373050121,
            -1.761238853173284,
            1.982836561995147,
            -1.3477513811897897,
            -1.3122743080857922,
            -7.72378471175618e-06
        ]
    ],
    "goal_config": [
        [
            -3.334687933156176,
            -2.891965821379163,
            1.1047405363639542,
            -1.4302630767859301,
            -0.985244512154801,
            -3.728298204688323e-05
        ],
        [
            -3.507281241735521,
            -1.9133676193355547,
            1.840343862721911,
            -1.3605382333214124,
            -1.728361289297227,
            2.334233932820006e-05
        ]
    ],
    "base_poses": [
        [
            [
                0.6861328209193356,
                -0.5939797820460321,
                0.0
            ],
            [
                0.0,
                0.0,
                0.8916766803388269,
                -0.4526728374222709
            ]
        ],
        [
            [
                -0.38038369368794617,
                -0.36357472899930027,
                0.0
            ],
            [
                0.0,
                0.0,
                0.9302769916736535,
                0.3668578999593946
            ]
        ]
    ],
    "difficulty": 0.1726956685145166,
    "dynamic_speed": null,
    "ur5_count": 2,
    "id": "038638",
    "task_path": "/home/hqh2101/workspace-sharing-multiarm/src/data/8f14d7-hard-vlo-tasks/038638.json"
}