{
    "target_eff_poses": [
        [
            [
                0.2877749502658844,
                0.02810341864824295,
                0.5963411927223206
            ],
            [
                -0.3179931938648224,
                0.4029686450958252,
                0.672502875328064,
                0.5331383943557739
            ]
        ],
        [
            [
                -0.590478241443634,
                -0.7680469155311584,
                0.5039700269699097
            ],
            [
                -0.5925236344337463,
                0.19917549192905426,
                0.771327555179596,
                0.11957768350839615
            ]
        ]
    ],
    "start_goal_config": [
        null,
        null
    ],
    "start_config": [
        [
            -2.0097500178241776,
            -1.4815356132731146,
            2.0934666629236642,
            -1.4075240837577048,
            -1.1713580252839806,
            -1.5542555144182026e-05
        ],
        [
            -3.31898690153428,
            -2.4203363294951363,
            1.3614242553505764,
            -1.4501594379310263,
            -2.0329776941597535,
            3.446289845852009e-05
        ]
    ],
    "goal_config": [
        [
            -2.435494824657835,
            -1.689180184374311,
            1.2916754020253747,
            -1.6659738551653298,
            -1.3383874172460979,
            -6.941742834523209e-06
        ],
        [
            -2.541233258966399,
            -2.187834838005539,
            1.7324261911620917,
            -1.3356517808101567,
            -1.4003173828520008,
            -8.038303970140498e-06
        ]
    ],
    "base_poses": [
        [
            [
                0.42584462550091473,
                -0.4269072027207164,
                0.0
            ],
            [
                0.0,
                0.0,
                0.9084541645527247,
                -0.41798448644275193
            ]
        ],
        [
            [
                -0.32882007506066985,
                -0.7558610684498186,
                0.0
            ],
            [
                0.0,
                0.0,
                -0.5134723009303206,
                0.8581061683599077
            ]
        ]
    ],
    "difficulty": 0.33439849624060153,
    "dynamic_speed": null
}