{
    "target_eff_poses": [
        [
            [
                0.5864994525909424,
                0.4461861848831177,
                0.6660248041152954
            ],
            [
                -0.08609848469495773,
                -0.4138931334018707,
                0.7962119579315186,
                -0.4328119456768036
            ]
        ],
        [
            [
                0.21942377090454102,
                -0.4907030165195465,
                0.30431684851646423
            ],
            [
                0.30958637595176697,
                0.6310351490974426,
                -0.29297515749931335,
                0.648163914680481
            ]
        ],
        [
            [
                -0.4531881809234619,
                0.37460488080978394,
                0.5651668906211853
            ],
            [
                0.05135234817862511,
                0.5569658279418945,
                -0.059670690447092056,
                0.8267958760261536
            ]
        ],
        [
            [
                -1.2786449193954468,
                -0.45227089524269104,
                0.32386747002601624
            ],
            [
                -0.6554828882217407,
                -0.1668786257505417,
                0.7065687775611877,
                -0.20797666907310486
            ]
        ]
    ],
    "start_goal_config": [
        null,
        null,
        null,
        null
    ],
    "start_config": [
        [
            -2.22628152848876,
            -1.6255221575700571,
            1.239489353275946,
            -1.7023387681881261,
            -1.2564508196129764,
            -1.2400947836035678e-05
        ],
        [
            -4.529011294724872,
            -1.2269413571799421,
            1.607423244409467,
            -1.6406828545318488,
            -1.9764076237074655,
            3.082903124417463e-05
        ],
        [
            -2.782712581129913,
            -2.91891542495758,
            1.6062022572108237,
            -1.1817313287389524,
            -2.4557084857567313,
            2.9450172493565578e-05
        ],
        [
            -3.819818868147497,
            -1.3640006279831454,
            1.4522283501182596,
            -1.671853474569364,
            -1.7318862656590779,
            1.479711181520209e-05
        ]
    ],
    "goal_config": [
        [
            -3.6549687052055986,
            -2.451747231696271,
            1.540548444492304,
            -1.357406560307441,
            -2.4386056386546047,
            3.139528621835999e-05
        ],
        [
            -3.1433282144876817,
            -1.2382853575839272,
            1.3860852226254412,
            -1.7304970707716605,
            -1.539218948188552,
            1.5656749852414591e-06
        ],
        [
            -2.937776743281121,
            -2.1266973566078997,
            1.5913563919935443,
            -1.4191003175671788,
            -1.5509038187657729,
            3.7774471971485662e-06
        ],
        [
            -3.1427650809413703,
            -1.2145814350008135,
            1.3224117284663466,
            -1.7637155991644708,
            -1.5338266978029227,
            1.0277142619818163e-06
        ]
    ],
    "base_poses": [
        [
            [
                0.5656724780378646,
                0.48072120960389664,
                0.0
            ],
            [
                0.0,
                0.0,
                0.9278123324274372,
                0.3730472835922528
            ]
        ],
        [
            [
                -0.26448792135282084,
                -0.08247663278107742,
                0.0
            ],
            [
                0.0,
                0.0,
                0.9049889267004864,
                0.4254351214339288
            ]
        ],
        [
            [
                -0.7175968882788292,
                0.30510091173849974,
                0.0
            ],
            [
                0.0,
                0.0,
                0.9831381666026223,
                0.18286428128323573
            ]
        ],
        [
            [
                -0.7833724443459031,
                -0.0258651599068086,
                0.0
            ],
            [
                -0.0,
                -0.0,
                0.26515492889826753,
                0.9642058201862063
            ]
        ]
    ],
    "difficulty": 0.5935273763484633
}