{
    "target_eff_poses": [
        [
            [
                -0.15949243307113647,
                0.6917001008987427,
                0.6106023788452148
            ],
            [
                -0.5139197707176208,
                0.15599671006202698,
                0.49735867977142334,
                0.681311845779419
            ]
        ],
        [
            [
                0.10829265415668488,
                -0.9754745364189148,
                0.30714482069015503
            ],
            [
                0.8313766121864319,
                -0.08172266185283661,
                -0.4883236587047577,
                0.25233790278434753
            ]
        ]
    ],
    "start_goal_config": [
        null,
        null
    ],
    "start_config": [
        [
            -4.267803310246208,
            -2.18628789888976,
            1.6673480976736954,
            -1.3695016421229202,
            -2.1549044146598275,
            3.3645966657376846e-05
        ],
        [
            -2.9890085231114796,
            -2.6147857849277583,
            1.6074736428982834,
            -1.2697328058800277,
            -1.6698295675522214,
            7.865302723569353e-06
        ]
    ],
    "goal_config": [
        [
            -4.727602151460289,
            -1.8104074639581245,
            1.382894157606312,
            -1.580130013319775,
            -2.2163219453118304,
            3.2547853176199386e-05
        ],
        [
            -1.9372512349694253,
            -2.2687406825715115,
            2.1921438017526933,
            -1.0873273298957342,
            -0.9958660685660172,
            -1.4259367098602357e-05
        ]
    ],
    "base_poses": [
        [
            [
                -0.0031205408733017137,
                0.33767891944829787,
                0.0
            ],
            [
                -0.0,
                -0.0,
                0.17465772618297232,
                0.9846292087301666
            ]
        ],
        [
            [
                0.1920104319310798,
                -0.7485630900691354,
                0.0
            ],
            [
                0.0,
                0.0,
                -0.4010773449801524,
                0.9160441928988317
            ]
        ]
    ],
    "difficulty": 0.1662748048528167,
    "dynamic_speed": null,
    "ur5_count": 2,
    "id": "042262",
    "task_path": "/home/hqh2101/workspace-sharing-multiarm/src/data/8f14d7-hard-vlo-tasks/042262.json"
}