{
    "target_eff_poses": [
        [
            [
                -0.8650116324424744,
                0.37642839550971985,
                0.27801886200904846
            ],
            [
                0.8444340229034424,
                -0.13496142625808716,
                -0.5180910229682922,
                0.017272748053073883
            ]
        ],
        [
            [
                0.05308769643306732,
                -0.02315954864025116,
                0.2549349367618561
            ],
            [
                -0.6079450845718384,
                0.35559260845184326,
                0.4715144634246826,
                0.530689001083374
            ]
        ]
    ],
    "start_goal_config": [
        null,
        null
    ],
    "start_config": [
        [
            -1.398391122473603,
            -1.2672729920522332,
            1.3975390328805326,
            -1.690014179954385,
            -0.8347482484554188,
            -3.0181500891797252e-05
        ],
        [
            -3.5410936005574376,
            -2.6386567572843385,
            1.797516581454173,
            -1.1769276420156105,
            -2.3083803718321136,
            2.0107197421853397e-05
        ]
    ],
    "goal_config": [
        [
            -2.388829428152462,
            -2.168339200512595,
            2.1825450283623575,
            -1.1041115240823969,
            -1.3789896304180238,
            -8.607390395451988e-06
        ],
        [
            -4.3782379387798915,
            -1.0780814957229459,
            1.2986675087280337,
            -1.799287026458114,
            -1.8859214021961606,
            2.4621165320752483e-05
        ]
    ],
    "base_poses": [
        [
            [
                -0.6716998605794734,
                0.4870933209665833,
                0.0
            ],
            [
                0.0,
                0.0,
                -0.4250028344817588,
                0.9051920186802747
            ]
        ],
        [
            [
                0.2537205742245905,
                -0.6759048214032876,
                0.0
            ],
            [
                0.0,
                0.0,
                -0.06842398876356863,
                0.9976563324921478
            ]
        ]
    ],
    "difficulty": 0.023887896172293803,
    "dynamic_speed": null
}