{
    "target_eff_poses": [
        [
            [
                -0.713604211807251,
                -0.10846380889415741,
                0.5356060862541199
            ],
            [
                -0.5327842831611633,
                -0.021547161042690277,
                0.7375587224960327,
                -0.4143472909927368
            ]
        ],
        [
            [
                0.21651889383792877,
                -0.6427367329597473,
                0.8258758187294006
            ],
            [
                0.060993779450654984,
                0.18494108319282532,
                -0.8009116649627686,
                0.5662305355072021
            ]
        ],
        [
            [
                -0.06081758812069893,
                0.09219375997781754,
                0.30039992928504944
            ],
            [
                -0.6477412581443787,
                0.44282621145248413,
                0.0952976793050766,
                0.6125802397727966
            ]
        ],
        [
            [
                -0.8272660970687866,
                0.8231198191642761,
                0.5232684016227722
            ],
            [
                -0.00042670685797929764,
                -0.029430381953716278,
                0.24761466681957245,
                0.9684114456176758
            ]
        ]
    ],
    "start_goal_config": [
        null,
        null,
        null,
        null
    ],
    "start_config": [
        [
            -2.964869555235689,
            -2.326686777599419,
            1.221010984624307,
            -1.5444960218730936,
            -1.4897832129195026,
            -4.891329453658982e-06
        ],
        [
            -3.1092495117564813,
            -2.380409606839745,
            1.2650794308699287,
            -1.5084516210534236,
            -1.7176101537738409,
            8.057626015945732e-06
        ],
        [
            -3.7587483708585143,
            -1.9674873187478912,
            1.62945378341411,
            -1.444262739760771,
            -1.8027176987550633,
            2.425876152941697e-05
        ],
        [
            -3.0031763606868225,
            -2.16992400831044,
            2.1962831842395794,
            -1.0830301300471552,
            -1.6630360584241861,
            5.996751648571723e-06
        ]
    ],
    "goal_config": [
        [
            -1.840677914426738,
            -1.3951355684704554,
            1.1592997007765282,
            -1.7809390388008888,
            -1.0993618236180056,
            -2.7203058549492298e-05
        ],
        [
            -3.468916236403658,
            -2.234162567802308,
            1.1068357512999405,
            -1.6222597207773142,
            -2.207697531107894,
            3.6423195021159954e-05
        ],
        [
            -5.116335977612444,
            -1.3506603975896398,
            1.5953637693632874,
            -1.582065889765807,
            -2.3875977481986213,
            -1.1503886086929233e-05
        ],
        [
            -3.082458527349963,
            -3.2034585792740846,
            1.2149046786461815,
            -1.2119202318976776,
            -1.3056761937128416,
            1.8160916987852847e-05
        ]
    ],
    "base_poses": [
        [
            [
                -0.29867462280084023,
                0.34476903237668854,
                0.0
            ],
            [
                0.0,
                0.0,
                -0.3656567877897936,
                0.930749758819872
            ]
        ],
        [
            [
                0.17456254304907426,
                -0.6144262702936985,
                0.0
            ],
            [
                0.0,
                0.0,
                0.8900761343370674,
                0.4558118856322011
            ]
        ],
        [
            [
                -0.28254615604067934,
                -0.4057239959391943,
                0.0
            ],
            [
                0.0,
                0.0,
                -0.020696763084411027,
                0.9997857990578921
            ]
        ],
        [
            [
                -0.3429904287947041,
                0.7920616770425355,
                0.0
            ],
            [
                0.0,
                0.0,
                0.9961128159580105,
                -0.08808664986365829
            ]
        ]
    ],
    "difficulty": 0.8881783127997743,
    "dynamic_speed": null
}