{
    "target_eff_poses": [
        [
            [
                -0.47944751381874084,
                -0.6340650916099548,
                0.3342435359954834
            ],
            [
                0.7625530362129211,
                0.21908295154571533,
                -0.5851554870605469,
                -0.16765622794628143
            ]
        ],
        [
            [
                0.3382786512374878,
                -0.3364117443561554,
                0.46952953934669495
            ],
            [
                -0.6432742476463318,
                -0.10540860891342163,
                0.7581892013549805,
                0.015371371060609818
            ]
        ],
        [
            [
                0.3385723829269409,
                0.7031975984573364,
                0.7846766710281372
            ],
            [
                -0.10185959935188293,
                0.16245898604393005,
                -0.11353693902492523,
                0.9748543500900269
            ]
        ],
        [
            [
                -0.5672098398208618,
                0.3989484906196594,
                0.3585189878940582
            ],
            [
                0.73664790391922,
                -0.24083387851715088,
                -0.6210814714431763,
                -0.11664771288633347
            ]
        ]
    ],
    "start_goal_config": [
        null,
        null,
        null,
        null
    ],
    "start_config": [
        [
            -3.5458416151349406,
            -1.1854416289507717,
            1.4084678425707546,
            -1.7327572147391235,
            -1.6434529777957256,
            9.683373525559189e-06
        ],
        [
            -2.491066299200215,
            -1.7007131291333717,
            1.1430841593679248,
            -1.7330541977704965,
            -1.3344765915226462,
            -7.687193518805223e-06
        ],
        [
            -4.393078618898892,
            -1.4467408396277353,
            1.3223610788149909,
            -1.704119512267374,
            -1.9239664620541146,
            2.8376861160814307e-05
        ],
        [
            -2.5207209266177153,
            -1.7480170173624818,
            1.4463454599576133,
            -1.5820281180455564,
            -1.3853936009389358,
            -4.443786024714547e-06
        ]
    ],
    "goal_config": [
        [
            -4.689746778245955,
            -1.7203561063070296,
            1.8332612477175867,
            -1.4217294800097147,
            -2.129596504301401,
            3.1506818276141066e-05
        ],
        [
            -3.30247508961316,
            -2.315059191157826,
            1.8385448845541164,
            -1.245022098157395,
            -1.7534890894945907,
            1.7736806087626584e-05
        ],
        [
            -3.080032203114705,
            -2.4347635270482164,
            1.2024541122045915,
            -1.5233712183501273,
            -2.2468274586456953,
            3.23628867326176e-05
        ],
        [
            -2.530884279118128,
            -2.188317887103658,
            2.0136571553482674,
            -1.193446996666387,
            -1.4404698886998792,
            -3.898513278984319e-06
        ]
    ],
    "base_poses": [
        [
            [
                -0.09017780776734607,
                -0.5935436509494827,
                0.0
            ],
            [
                -0.0,
                -0.0,
                0.699325876663013,
                0.714802992599715
            ]
        ],
        [
            [
                0.4978296746276005,
                -0.2271714914180859,
                0.0
            ],
            [
                -0.0,
                -0.0,
                0.15094488787622432,
                0.988542179587717
            ]
        ],
        [
            [
                0.40772809248246267,
                0.7053092959026628,
                0.0
            ],
            [
                0.0,
                0.0,
                0.9817589073471782,
                -0.1901300813771321
            ]
        ],
        [
            [
                -0.32513355344107125,
                0.40994315666162007,
                0.0
            ],
            [
                0.0,
                0.0,
                -0.5279380907948695,
                0.8492828576439466
            ]
        ]
    ],
    "difficulty": 0.6423398852628609,
    "dynamic_speed": null,
    "ur5_count": 4,
    "id": "045266",
    "task_path": "/home/hqh2101/workspace-sharing-multiarm/src/data/8f14d7-hard-vlo-tasks/045266.json"
}