{
    "target_eff_poses": [
        [
            [
                -0.06565366685390472,
                -0.5234977006912231,
                0.8187891244888306
            ],
            [
                -0.028812482953071594,
                0.16247890889644623,
                0.013721227645874023,
                0.9861958026885986
            ]
        ]
    ],
    "start_goal_config": [
        null
    ],
    "start_config": [
        [
            -3.7299845478635887,
            -2.0940376222696995,
            1.7425126542412948,
            -1.3578720667485589,
            -1.832822931951162,
            2.809396445649789e-05
        ]
    ],
    "goal_config": [
        [
            -3.120944310510619,
            -2.301634091535806,
            1.1027230795166507,
            -1.6111344098082006,
            -1.7324244935344582,
            1.216693269365203e-05
        ]
    ],
    "base_poses": [
        [
            [
                -0.05981674076406995,
                -0.6122156070541126,
                0.0
            ],
            [
                0.0,
                0.0,
                0.9964401532529626,
                -0.084303149319656
            ]
        ]
    ],
    "difficulty": 0.0,
    "dynamic_speed": null
}