{
    "target_eff_poses": [
        [
            [
                -0.5419084429740906,
                -0.7817525863647461,
                0.11479280143976212
            ],
            [
                0.9380661249160767,
                -0.10918297618627548,
                -0.3270927667617798,
                -0.033486686646938324
            ]
        ],
        [
            [
                0.26065781712532043,
                0.07716966420412064,
                0.7774218320846558
            ],
            [
                -0.2325272113084793,
                0.03830485790967941,
                0.8502288460731506,
                0.47071728110313416
            ]
        ],
        [
            [
                0.5645962953567505,
                0.1268392950296402,
                0.6398984789848328
            ],
            [
                -0.28716203570365906,
                0.3879411816596985,
                0.7428240776062012,
                0.4639526605606079
            ]
        ],
        [
            [
                0.4689572751522064,
                -0.6276856660842896,
                0.15897294878959656
            ],
            [
                0.9414445757865906,
                -0.07752208411693573,
                -0.24260683357715607,
                -0.22093969583511353
            ]
        ]
    ],
    "start_goal_config": [
        null,
        null,
        null,
        null
    ],
    "start_config": [
        [
            -3.2964686736941013,
            -2.3532126724596494,
            1.213813912750853,
            -1.540063375769166,
            -2.111441499562782,
            3.2623544906572144e-05
        ],
        [
            -3.294853450726006,
            -1.7947929832682585,
            1.4626590919130877,
            -1.5642869417679344,
            -1.6247999302036786,
            1.172927060548391e-05
        ],
        [
            -4.613314707741067,
            -1.3216417317602818,
            1.3153855175267666,
            -1.730879278492524,
            -2.0048595593095433,
            8.773380923518045e-06
        ],
        [
            -4.992995739762902,
            -1.9229227361173538,
            1.7348660366639663,
            -1.3276628453795067,
            -2.941135636099384,
            2.4899608646308134e-05
        ]
    ],
    "goal_config": [
        [
            -2.948065846654687,
            -1.5047329122209072,
            2.1745546239221465,
            -1.3398914329051763,
            -1.556942143188196,
            4.390410249020679e-06
        ],
        [
            -3.25895947804159,
            -2.333660018696439,
            1.2140320130909439,
            -1.546161612234554,
            -1.9131857024310968,
            1.4054419054548275e-05
        ],
        [
            -2.3070896608769114,
            -2.109527804495644,
            1.4586973772518856,
            -1.4833762151735965,
            -1.1954989481450526,
            -1.8883987541768956e-05
        ],
        [
            -4.515225574228625,
            -1.727094133899189,
            2.2977879469211664,
            -1.2393388410940929,
            -2.2273094363262977,
            1.8654397364725405e-05
        ]
    ],
    "base_poses": [
        [
            [
                -0.23238504263867588,
                -0.7366430590491903,
                0.0
            ],
            [
                0.0,
                0.0,
                -0.2042579457413644,
                0.9789171014960959
            ]
        ],
        [
            [
                0.32446912098549974,
                0.11022750053084618,
                0.0
            ],
            [
                0.0,
                0.0,
                -0.2722694465801639,
                0.9622210496860538
            ]
        ],
        [
            [
                0.7397180294817536,
                -0.09869950267521832,
                0.0
            ],
            [
                0.0,
                0.0,
                0.9180770373250765,
                -0.39640201000551206
            ]
        ],
        [
            [
                0.6555842554294997,
                -0.7843029612684508,
                0.0
            ],
            [
                -0.0,
                -0.0,
                0.27289794388715033,
                0.962042988759944
            ]
        ]
    ],
    "difficulty": 0.5430490535314472
}