{
    "target_eff_poses": [
        [
            [
                0.7903859615325928,
                0.832137405872345,
                0.7168899774551392
            ],
            [
                -0.09494956582784653,
                0.3304758071899414,
                0.3901122510433197,
                0.8541561961174011
            ]
        ]
    ],
    "start_goal_config": [
        null
    ],
    "start_config": [
        [
            -2.563861974284318,
            -2.757853139447828,
            2.1254115070094017,
            -0.8658970340789308,
            -1.4403485429819303,
            -6.177040625570827e-06
        ]
    ],
    "goal_config": [
        [
            -2.8288608276201073,
            -2.2866260916420993,
            1.3421302794704724,
            -1.4950764791371054,
            -1.4221324743786956,
            -8.34233061145144e-06
        ]
    ],
    "base_poses": [
        [
            [
                0.7901310674042026,
                0.6628621906686678,
                0.0
            ],
            [
                0.0,
                0.0,
                0.9805148686012359,
                -0.1964448840054153
            ]
        ]
    ],
    "difficulty": 0.0,
    "dynamic_speed": null,
    "ur5_count": 1,
    "id": "047988",
    "task_path": "/home/hqh2101/workspace-sharing-multiarm/src/data/8f14d7-hard-vlo-tasks/047988.json"
}