{
    "target_eff_poses": [
        [
            [
                0.4180843234062195,
                -0.072037473320961,
                0.4442285895347595
            ],
            [
                -0.36204564571380615,
                0.32559698820114136,
                0.5210170745849609,
                0.7010355591773987
            ]
        ],
        [
            [
                -0.5047691464424133,
                -0.30430662631988525,
                0.5624895691871643
            ],
            [
                -0.573830783367157,
                0.058432623744010925,
                0.7041738033294678,
                0.4140568673610687
            ]
        ],
        [
            [
                0.21157366037368774,
                0.46025991439819336,
                0.220823273062706
            ],
            [
                0.8008278012275696,
                -0.20389424264431,
                -0.5526368021965027,
                -0.10814165323972702
            ]
        ],
        [
            [
                -0.25044113397598267,
                0.6848918795585632,
                0.4679275453090668
            ],
            [
                -0.16408662497997284,
                0.6489523649215698,
                -0.30869197845458984,
                0.6757556200027466
            ]
        ]
    ],
    "start_goal_config": [
        null,
        null,
        null,
        null
    ],
    "start_config": [
        [
            -3.6805952582784203,
            -2.060629955406106,
            1.78793426265549,
            -1.3453955751565925,
            -1.8080808270509658,
            -4.966526048736179e-06
        ],
        [
            -3.4744085728544993,
            -2.331302544863687,
            1.9699578414920746,
            -1.1700025213098637,
            -1.843209654555179,
            1.3600067735320987e-05
        ],
        [
            -3.7979366909790127,
            -1.3815913838877198,
            1.8006979294000471,
            -1.5224209238583275,
            -1.7520294067215954,
            7.586575661519091e-06
        ],
        [
            -3.195998831461952,
            -2.912597443182514,
            1.0551185787612438,
            -1.4455468530086508,
            -1.253018446917318,
            -1.0526221776850369e-05
        ]
    ],
    "goal_config": [
        [
            -2.8684877719995847,
            -3.0145063540123793,
            1.8531702342492498,
            -0.9631382067354627,
            -1.770008323974832,
            -1.7981218301632693e-07
        ],
        [
            -4.330861801717702,
            -1.8911097395468928,
            1.4997322657039276,
            -1.5205928492389964,
            -2.0008797819573396,
            3.3082626830638494e-05
        ],
        [
            -2.9282493187873557,
            -1.4018875721188928,
            1.7447402325476022,
            -1.5391600828350707,
            -1.5147297758462772,
            1.3932378820480277e-06
        ],
        [
            -4.1068844179352,
            -2.39532404400377,
            1.9149791302203027,
            -1.1945013828573927,
            -2.246958087178516,
            1.630936482150519e-05
        ]
    ],
    "base_poses": [
        [
            [
                0.5121290008988824,
                0.03757623110925723,
                0.0
            ],
            [
                0.0,
                0.0,
                -0.8240941346178818,
                0.5664528729633247
            ]
        ],
        [
            [
                -0.18402509111774779,
                -0.4714919960496273,
                0.0
            ],
            [
                -0.0,
                -0.0,
                0.2745625448364886,
                0.9615692429424473
            ]
        ],
        [
            [
                0.6965300439984605,
                0.35928857562504524,
                0.0
            ],
            [
                0.0,
                0.0,
                -0.3220984540106035,
                0.9467061771869766
            ]
        ],
        [
            [
                -0.39363361010247716,
                0.6828154498277277,
                0.0
            ],
            [
                0.0,
                0.0,
                0.9240590369871016,
                -0.38224978242305185
            ]
        ]
    ],
    "difficulty": 0.8845104862221386,
    "dynamic_speed": null
}