{
    "target_eff_poses": [
        [
            [
                0.19522015750408173,
                -0.2586107552051544,
                0.17694559693336487
            ],
            [
                0.30583426356315613,
                0.7182905673980713,
                -0.09507438540458679,
                0.6176446676254272
            ]
        ]
    ],
    "start_goal_config": [
        null
    ],
    "start_config": [
        [
            -3.2323506253578698,
            -2.36597655704603,
            1.2553320473943663,
            -1.5170448546519173,
            -1.8952961098289707,
            2.549530773425014e-05
        ]
    ],
    "goal_config": [
        [
            -2.368754166544965,
            -1.0898905506130956,
            1.4695670578682778,
            -1.7297283402221473,
            -1.320999375926029,
            -1.2953232288518232e-05
        ]
    ],
    "base_poses": [
        [
            [
                -0.4109428375257842,
                -0.04882218869995825,
                0.0
            ],
            [
                -0.0,
                -0.0,
                0.7874981185836908,
                0.6163170557652508
            ]
        ]
    ],
    "difficulty": 0.0,
    "dynamic_speed": null
}