{
    "target_eff_poses": [
        [
            [
                -0.6300272345542908,
                -0.08217542618513107,
                0.3683159351348877
            ],
            [
                0.2020796686410904,
                0.5729179978370667,
                -0.6082051396369934,
                0.5108966827392578
            ]
        ],
        [
            [
                0.6859728097915649,
                0.6780624985694885,
                0.2929356098175049
            ],
            [
                0.49759194254875183,
                0.6722345352172852,
                -0.11218766123056412,
                0.536578893661499
            ]
        ],
        [
            [
                -0.4532600939273834,
                0.46948492527008057,
                0.18253475427627563
            ],
            [
                0.7744684219360352,
                -0.4126061797142029,
                -0.45868873596191406,
                -0.1398557871580124
            ]
        ]
    ],
    "start_goal_config": [
        null,
        null,
        null
    ],
    "start_config": [
        [
            -2.072166024645222,
            -1.0245941573894295,
            1.1885334158398995,
            -1.856708369750568,
            -1.20670526169209,
            -2.1020327799379294e-05
        ],
        [
            -2.119088349263128,
            -1.677973609684171,
            2.139732372494615,
            -1.3174774325130152,
            -1.2343445154515016,
            -3.9441885737656246e-07
        ],
        [
            -4.059620912903223,
            -1.634818461659284,
            1.6196533277576248,
            -1.5333765249720201,
            -1.8381933644862054,
            2.371953430091291e-05
        ]
    ],
    "goal_config": [
        [
            -2.9747775232189086,
            -3.102728901580166,
            2.0228953886725365,
            -0.7559096288671603,
            -2.1038325401216156,
            -1.9023889878091656e-07
        ],
        [
            -1.9319215178303955,
            -1.8867841104262273,
            2.0251951214226316,
            -1.298783236315184,
            -1.1397074052253346,
            -9.642215537882074e-06
        ],
        [
            -2.4320921697670608,
            -1.4747475839312325,
            1.9263472797073415,
            -1.4518499290507485,
            -1.3772381134747433,
            -5.596983325083647e-06
        ]
    ],
    "base_poses": [
        [
            [
                -0.6284624475954632,
                -0.2087992864339283,
                0.0
            ],
            [
                -0.0,
                -0.0,
                0.7718683604479184,
                0.6357823795446381
            ]
        ],
        [
            [
                0.36698549494032084,
                0.7904953030507131,
                0.0
            ],
            [
                -0.0,
                -0.0,
                0.517818662788749,
                0.8554904046613684
            ]
        ],
        [
            [
                -0.07242687443027318,
                0.2783372381686313,
                0.0
            ],
            [
                0.0,
                0.0,
                -0.6797954674285646,
                0.733401746973362
            ]
        ]
    ],
    "difficulty": 0.7896172293802314,
    "dynamic_speed": null,
    "ur5_count": 3,
    "id": "048814",
    "task_path": "/home/hqh2101/workspace-sharing-multiarm/src/data/8f14d7-hard-vlo-tasks/048814.json"
}