{
    "target_eff_poses": [
        [
            [
                -1.0553723573684692,
                0.23448705673217773,
                0.738349974155426
            ],
            [
                -0.35586419701576233,
                -0.001926190103404224,
                0.9086220264434814,
                0.21854765713214874
            ]
        ]
    ],
    "start_goal_config": [
        null
    ],
    "start_config": [
        [
            -3.4527057751814154,
            -2.4628009661500627,
            2.0031524417381905,
            -1.1060551716111262,
            -1.9025025543083078,
            1.2023183144835067e-05
        ]
    ],
    "goal_config": [
        [
            -3.65660588202324,
            -2.0212331428847263,
            1.2267678768463843,
            -1.6194328168904901,
            -1.812274520075298,
            2.1091605978113885e-05
        ]
    ],
    "base_poses": [
        [
            [
                -0.797048062903424,
                0.2540233035932391,
                0.0
            ],
            [
                -0.0,
                -0.0,
                0.14172801699221735,
                0.9899056365126192
            ]
        ]
    ],
    "difficulty": 0.0,
    "dynamic_speed": null,
    "ur5_count": 1,
    "id": "049544",
    "task_path": "/home/hqh2101/workspace-sharing-multiarm/src/data/8f14d7-hard-vlo-tasks/049544.json"
}