{
    "target_eff_poses": [
        [
            [
                -0.27686116099357605,
                -0.6559309959411621,
                0.4420005679130554
            ],
            [
                -0.604211151599884,
                0.03210727870464325,
                0.7197717428207397,
                0.34033313393592834
            ]
        ]
    ],
    "start_goal_config": [
        null
    ],
    "start_config": [
        [
            -3.430741985251851,
            -2.824942173315462,
            2.1879589337931824,
            -0.8025851909140902,
            -2.223392811995583,
            1.0968871558530149e-05
        ]
    ],
    "goal_config": [
        [
            -3.185641751442456,
            -2.7596403926770496,
            1.9463233078826414,
            -1.028578981197034,
            -1.959390278864048,
            1.1897101858505556e-05
        ]
    ],
    "base_poses": [
        [
            [
                -0.24969964967612523,
                -0.6025294709556551,
                0.0
            ],
            [
                0.0,
                0.0,
                -0.2234519582459106,
                0.9747149441534524
            ]
        ]
    ],
    "difficulty": 0.0
}