{
    "target_eff_poses": [
        [
            [
                0.3926351070404053,
                0.21784500777721405,
                0.5909916162490845
            ],
            [
                0.020608868449926376,
                -0.4939219653606415,
                0.719516932964325,
                -0.4877620041370392
            ]
        ]
    ],
    "start_goal_config": [
        null
    ],
    "start_config": [
        [
            -2.061798794283493,
            -0.9439636887373182,
            1.344423172566014,
            -1.81267982886503,
            -1.2036488520823356,
            -2.5462003124101056e-05
        ]
    ],
    "goal_config": [
        [
            -3.566172652705455,
            -2.6325752800543705,
            1.7413112673004647,
            -1.2161299317918943,
            -2.587560168366297,
            2.4207191740575376e-05
        ]
    ],
    "base_poses": [
        [
            [
                0.39870650048735046,
                0.21200488279458196,
                0.0
            ],
            [
                0.0,
                0.0,
                0.9678194702860927,
                0.2516455303301589
            ]
        ]
    ],
    "difficulty": 0.0,
    "dynamic_speed": null
}