{
    "target_eff_poses": [
        [
            [
                -0.4156540632247925,
                -0.3013601303100586,
                0.710628092288971
            ],
            [
                -0.3074833154678345,
                -0.037779550999403,
                0.9042876362800598,
                0.29375261068344116
            ]
        ]
    ],
    "start_goal_config": [
        null
    ],
    "start_config": [
        [
            -2.860860637485612,
            -2.446343205644249,
            1.1075176562825668,
            -1.5664415304933237,
            -2.555191985406347,
            3.5440257832552515e-05
        ]
    ],
    "goal_config": [
        [
            -3.248613741288068,
            -2.4579423288634143,
            1.3779074397734217,
            -1.4315889133079658,
            -2.0071758002421616,
            2.7942618514750262e-05
        ]
    ],
    "base_poses": [
        [
            [
                -0.39910011357486486,
                -0.2493580817962533,
                0.0
            ],
            [
                0.0,
                0.0,
                -0.04237389209447718,
                0.9991018232736669
            ]
        ]
    ],
    "difficulty": 0.0,
    "dynamic_speed": null,
    "ur5_count": 1,
    "id": "052090",
    "task_path": "/home/hqh2101/workspace-sharing-multiarm/src/data/8f14d7-hard-vlo-tasks/052090.json"
}