{
    "target_eff_poses": [
        [
            [
                0.47873762249946594,
                -0.47751501202583313,
                0.36792629957199097
            ],
            [
                -0.1951635777950287,
                0.5054482817649841,
                0.38045448064804077,
                0.7494582533836365
            ]
        ],
        [
            [
                -0.3330741822719574,
                -0.19064286351203918,
                0.7632529735565186
            ],
            [
                -0.08857008069753647,
                -0.04165356978774071,
                0.97121661901474,
                0.21716025471687317
            ]
        ]
    ],
    "start_goal_config": [
        null,
        null
    ],
    "start_config": [
        [
            -1.8638941141659529,
            -2.013953634256673,
            2.528257525064859,
            -1.0266056188591512,
            -0.6550644932831913,
            -9.020494209416834e-06
        ],
        [
            -2.975866843530129,
            -2.2548933096673753,
            1.565760483590034,
            -1.3965020843646867,
            -1.5736247525125076,
            3.2325471925083634e-06
        ]
    ],
    "goal_config": [
        [
            -2.742722959183002,
            -3.1747419526614395,
            1.9300943926508771,
            -0.7517465376611181,
            -1.469536551799545,
            -7.456686601065526e-06
        ],
        [
            -2.651487351698055,
            -2.620460398478913,
            1.1642014918699095,
            -1.4892439882173023,
            -2.230521336256482,
            3.802024594043007e-05
        ]
    ],
    "base_poses": [
        [
            [
                0.6763183390101339,
                -0.44073170113714366,
                0.0
            ],
            [
                0.0,
                0.0,
                0.9759687311656128,
                -0.2179106142136813
            ]
        ],
        [
            [
                -0.5391405338652777,
                -0.20647465745808924,
                0.0
            ],
            [
                0.0,
                0.0,
                -0.13475520092125848,
                0.9908789208700886
            ]
        ]
    ],
    "difficulty": 0.05821290453897822
}