{
    "target_eff_poses": [
        [
            [
                0.5117021799087524,
                -1.1722848415374756,
                0.2275213599205017
            ],
            [
                0.547906756401062,
                0.38039159774780273,
                -0.4240455627441406,
                0.6126057505607605
            ]
        ]
    ],
    "start_goal_config": [
        null
    ],
    "start_config": [
        [
            -3.2037329829781065,
            -2.4802352784463038,
            1.3882718081260708,
            -1.420097259953605,
            -1.9751912657614876,
            3.23846734007986e-05
        ]
    ],
    "goal_config": [
        [
            -2.1076401189447247,
            -0.9106956696211201,
            1.1338105934686693,
            -1.90432891202679,
            -1.212335515377547,
            -1.840932472752571e-05
        ]
    ],
    "base_poses": [
        [
            [
                0.35591062119320904,
                -0.42187460405452043,
                0.0
            ],
            [
                -0.0,
                -0.0,
                0.26587381670022864,
                0.964007838968778
            ]
        ]
    ],
    "difficulty": 0.0,
    "dynamic_speed": null
}