{
    "target_eff_poses": [
        [
            [
                0.0011120110284537077,
                -0.611540675163269,
                0.7214824557304382
            ],
            [
                -0.32063350081443787,
                -0.1711409091949463,
                0.9076615571975708,
                0.2098938673734665
            ]
        ],
        [
            [
                -0.08571581542491913,
                -0.06657785177230835,
                0.31319400668144226
            ],
            [
                0.7080046534538269,
                -0.3054654002189636,
                -0.602870762348175,
                0.20485883951187134
            ]
        ]
    ],
    "start_goal_config": [
        null,
        null
    ],
    "start_config": [
        [
            -4.834984369580137,
            -1.5251663758649405,
            1.5488108639284959,
            -1.579207108129393,
            -2.1643164607042715,
            2.6552105505142253e-05
        ],
        [
            -4.703563017579565,
            -2.1737641823077687,
            2.1323540607539333,
            -1.1609342710098811,
            -2.4920520201646355,
            2.0750958364703405e-05
        ]
    ],
    "goal_config": [
        [
            -3.763925376240127,
            -2.305175622801351,
            1.378929684446012,
            -1.4713901405034324,
            -2.288363364560607,
            3.267937224061526e-05
        ],
        [
            -1.4187667048385835,
            -1.3906329862128355,
            1.599864723643408,
            -1.5897053973494017,
            -0.8359184272727416,
            -2.4026634852423124e-05
        ]
    ],
    "base_poses": [
        [
            [
                0.079001335148422,
                -0.5660526701874681,
                0.0
            ],
            [
                -0.0,
                -0.0,
                0.4283829226579092,
                0.9035972950242092
            ]
        ],
        [
            [
                0.4627743810285565,
                0.08651631108556723,
                0.0
            ],
            [
                0.0,
                0.0,
                -0.7841334016055217,
                0.6205923045660118
            ]
        ]
    ],
    "difficulty": 0.3796670742029531,
    "dynamic_speed": null,
    "ur5_count": 2,
    "id": "053777",
    "task_path": "/home/hqh2101/workspace-sharing-multiarm/src/data/8f14d7-hard-vlo-tasks/053777.json"
}