{
    "target_eff_poses": [
        [
            [
                -0.005494186654686928,
                -0.040700435638427734,
                0.3657020032405853
            ],
            [
                -0.5996349453926086,
                -0.44819727540016174,
                0.662796139717102,
                0.0160735622048378
            ]
        ],
        [
            [
                0.8178036212921143,
                0.19156478345394135,
                0.2309502512216568
            ],
            [
                0.6325834393501282,
                0.3836239278316498,
                -0.04635247960686684,
                0.6712096333503723
            ]
        ],
        [
            [
                0.6366372108459473,
                -0.6309106945991516,
                0.5856702923774719
            ],
            [
                -0.10576450079679489,
                0.4087982773780823,
                -0.017466988414525986,
                0.9063072204589844
            ]
        ],
        [
            [
                -0.2527327835559845,
                0.13100817799568176,
                0.22685164213180542
            ],
            [
                0.9528669118881226,
                0.06181344762444496,
                -0.2420588582754135,
                -0.17213749885559082
            ]
        ]
    ],
    "start_goal_config": [
        null,
        null,
        null,
        null
    ],
    "start_config": [
        [
            -2.096022726144045,
            -1.077198481980311,
            1.5715792988480664,
            -1.695374616691413,
            -1.2284683797615825,
            -2.2273825413059806e-05
        ],
        [
            -2.4942152344689514,
            -2.299493793477964,
            1.8693906672882703,
            -1.235741308431596,
            -1.3853442991183147,
            -6.687781014095331e-08
        ],
        [
            -4.259377002701803,
            -1.5332915375731937,
            2.4418285445835974,
            -1.2713273393224775,
            -2.199081709863222,
            1.490456219636483e-05
        ],
        [
            -1.9636089815833575,
            -1.6363486457512277,
            1.9718144368847523,
            -1.3972642381238303,
            -1.1793856369794793,
            -1.5564646538454724e-05
        ]
    ],
    "goal_config": [
        [
            -4.928085077434756,
            -1.5396730540187336,
            1.629914848452573,
            -1.5398580340366599,
            -2.2369102951051936,
            -3.4074382827380972e-06
        ],
        [
            -1.1863864517910692,
            -0.942102380662681,
            1.2487868849416475,
            -1.782721149061456,
            -0.6140874444786165,
            5.039445083093222e-05
        ],
        [
            -3.069354952963414,
            -2.663737786490503,
            1.6350212743696875,
            -1.2409993110340651,
            -1.843251030572595,
            1.909932480767746e-05
        ],
        [
            -2.9344867750266603,
            -3.0320635811243877,
            2.4168278407107096,
            0.012084843057443263,
            -2.2537392807067307,
            3.791094959721882e-17
        ]
    ],
    "base_poses": [
        [
            [
                0.37360933127831397,
                0.2639328738001301,
                0.0
            ],
            [
                0.0,
                0.0,
                0.9327818776128936,
                0.36044135278428424
            ]
        ],
        [
            [
                0.30042105045137557,
                0.7247306565805665,
                0.0
            ],
            [
                -0.0,
                -0.0,
                0.04588969077798317,
                0.9989465132229558
            ]
        ],
        [
            [
                0.6752395111744509,
                -0.6979563339714853,
                0.0
            ],
            [
                0.0,
                0.0,
                0.9967340262678058,
                -0.08075444805067312
            ]
        ],
        [
            [
                -0.35034823542199905,
                0.22317763118663514,
                0.0
            ],
            [
                0.0,
                0.0,
                -0.37114720797586553,
                0.9285740412114263
            ]
        ]
    ],
    "difficulty": 0.8850747672340826,
    "dynamic_speed": null
}