{
    "target_eff_poses": [
        [
            [
                -0.3325314223766327,
                -1.1877132654190063,
                0.5422733426094055
            ],
            [
                -0.49201032519340515,
                -0.3011438250541687,
                0.6555625200271606,
                -0.4873151183128357
            ]
        ],
        [
            [
                0.3743194341659546,
                -0.030480699613690376,
                0.7878319621086121
            ],
            [
                -0.12322069704532623,
                -0.014221856370568275,
                0.9700374603271484,
                0.20890630781650543
            ]
        ]
    ],
    "start_goal_config": [
        null,
        null
    ],
    "start_config": [
        [
            -3.7008406688667557,
            -1.7230091543238335,
            1.4619597006063216,
            -1.5819058338129945,
            -1.7339198143712284,
            2.0178670337678895e-05
        ],
        [
            -2.949947753111354,
            -2.947100551082194,
            1.3611556943103102,
            -1.27404112541605,
            -1.6007101381617586,
            1.7651408084838956e-06
        ]
    ],
    "goal_config": [
        [
            -2.820754006192649,
            -1.7636235792830939,
            1.435660658348225,
            -1.5838820309394792,
            -1.4808088212056578,
            1.5330422038098775e-06
        ],
        [
            -2.925316221841161,
            -2.5014686656572143,
            1.1436157650228842,
            -1.5350141438056752,
            -1.8978999436117483,
            2.0389519357276655e-05
        ]
    ],
    "base_poses": [
        [
            [
                -0.2870548370404128,
                -0.7507272179956512,
                0.0
            ],
            [
                -0.0,
                -0.0,
                0.4203413917494038,
                0.9073660310933919
            ]
        ],
        [
            [
                0.26605406114369257,
                0.04776847620674274,
                0.0
            ],
            [
                0.0,
                0.0,
                -0.15606387064818805,
                0.9877469657145527
            ]
        ]
    ],
    "difficulty": 0.23886487502349182,
    "dynamic_speed": null
}