{
    "target_eff_poses": [
        [
            [
                -0.02634294703602791,
                0.5873537063598633,
                0.3377879559993744
            ],
            [
                0.7825484275817871,
                -0.004892267286777496,
                -0.5900803804397583,
                -0.19849225878715515
            ]
        ],
        [
            [
                0.411705881357193,
                -0.718039333820343,
                0.578772783279419
            ],
            [
                -0.22983285784721375,
                0.3878136873245239,
                -0.00244011334143579,
                0.8926205635070801
            ]
        ],
        [
            [
                -0.37848007678985596,
                0.21406289935112,
                0.49129799008369446
            ],
            [
                -0.4925689995288849,
                -0.18185289204120636,
                0.8151515126228333,
                -0.2446083128452301
            ]
        ]
    ],
    "start_goal_config": [
        null,
        null,
        null
    ],
    "start_config": [
        [
            -2.6501020519610536,
            -1.0762174058058753,
            1.139107942717288,
            -1.8732626133136705,
            -1.384242505051269,
            8.295561909917416e-06
        ],
        [
            -5.013685471405402,
            -1.5555574452051797,
            1.2945410364127474,
            -1.6499734874786258,
            -2.3580826093744975,
            3.7000438979373175e-05
        ],
        [
            -2.5331453944051256,
            -1.3843965904670756,
            1.1928531011220451,
            -1.7816000619236851,
            -1.364514072967116,
            -4.223730006927823e-06
        ]
    ],
    "goal_config": [
        [
            -3.3125047418673113,
            -2.5108150058569327,
            2.1470358456652643,
            -0.9802637743769265,
            -1.889034192262007,
            9.281558770547676e-06
        ],
        [
            -3.253416428622072,
            -2.6589063943004936,
            1.6777033622139839,
            -1.2250487043555036,
            -2.1085334616597833,
            2.468664716868365e-05
        ],
        [
            -2.8895476104556894,
            -2.753717294034986,
            1.8217604353193526,
            -1.1040495401090593,
            -1.6329377014960758,
            -1.5440975636287199e-06
        ]
    ],
    "base_poses": [
        [
            [
                0.07896542146909302,
                0.623594047760238,
                0.0
            ],
            [
                0.0,
                0.0,
                -0.0798260698538455,
                0.9968088074308378
            ]
        ],
        [
            [
                0.4470067284790422,
                -0.7466467176938393,
                0.0
            ],
            [
                0.0,
                0.0,
                0.9485878767914024,
                -0.3165138859582295
            ]
        ],
        [
            [
                -0.4526428973862606,
                0.2847511604718802,
                0.0
            ],
            [
                -0.0,
                -0.0,
                0.1953116775114986,
                0.9807412240890276
            ]
        ]
    ],
    "difficulty": 0.505682351836198,
    "dynamic_speed": null,
    "ur5_count": 3,
    "id": "061983",
    "task_path": "/home/hqh2101/workspace-sharing-multiarm/src/data/8f14d7-hard-vlo-tasks/061983.json"
}