{
    "target_eff_poses": [
        [
            [
                0.48292267322540283,
                0.13133777678012848,
                0.5258733034133911
            ],
            [
                -0.37455499172210693,
                0.2320244014263153,
                0.8319555521011353,
                0.3372287154197693
            ]
        ]
    ],
    "start_goal_config": [
        null
    ],
    "start_config": [
        [
            -1.6796317699628012,
            -1.527511406903721,
            2.138433084699788,
            -1.3949286679577897,
            -0.9024324222182647,
            -1.718118452466615e-05
        ]
    ],
    "goal_config": [
        [
            -2.829560866798276,
            -2.8298566980971613,
            1.728463922468544,
            -1.127666691392864,
            -1.4012812940022916,
            -1.3081068664533603e-05
        ]
    ],
    "base_poses": [
        [
            [
                0.5452039249526244,
                0.26827860537138193,
                0.0
            ],
            [
                0.0,
                0.0,
                -0.5858122391093091,
                0.810446803010375
            ]
        ]
    ],
    "difficulty": 0.0
}