{
    "target_eff_poses": [
        [
            [
                -0.612305760383606,
                0.41240033507347107,
                0.21032609045505524
            ],
            [
                -0.6000204086303711,
                0.6961227655410767,
                0.006514811888337135,
                0.39413973689079285
            ]
        ],
        [
            [
                -0.29234954714775085,
                0.15820327401161194,
                0.7341405749320984
            ],
            [
                0.2235364466905594,
                0.2919307351112366,
                -0.76326584815979,
                0.5312562584877014
            ]
        ],
        [
            [
                -0.458048939704895,
                0.013523493893444538,
                0.442147433757782
            ],
            [
                -0.586407482624054,
                0.41384562849998474,
                0.20473039150238037,
                0.6655400991439819
            ]
        ]
    ],
    "start_goal_config": [
        null,
        null,
        null
    ],
    "start_config": [
        [
            -3.1113807809569836,
            -2.6980061281150274,
            2.211963344153648,
            -0.8046671395367514,
            -1.903757999849332,
            1.8338532944819835e-17
        ],
        [
            -1.78897358323359,
            -2.0822185700378175,
            2.3303579693123355,
            -1.0900380234291798,
            -0.8217844260706877,
            8.536773700016598e-07
        ],
        [
            -3.6457846592075556,
            -2.5518883143061104,
            1.8439875433485076,
            -1.176573787967956,
            -2.14492457542093,
            1.2197397019268784e-06
        ]
    ],
    "goal_config": [
        [
            -4.544962150706535,
            -1.8920286510146076,
            2.2693180467069127,
            -1.1876715572615757,
            -2.265659276010754,
            -2.683478492179291e-06
        ],
        [
            -3.9447232922525948,
            -1.89897723261679,
            1.180175701539654,
            -1.6697468435963345,
            -1.8800741998784292,
            2.2872441548418973e-05
        ],
        [
            -4.709499975730449,
            -1.9525693238486181,
            1.787950055517307,
            -1.3758687310045954,
            -2.228601638203292,
            3.1826563092257206e-05
        ]
    ],
    "base_poses": [
        [
            [
                -0.7669451019569737,
                0.23988034368463262,
                0.0
            ],
            [
                0.0,
                0.0,
                -0.4839428756869942,
                0.8750995903734629
            ]
        ],
        [
            [
                -0.34764215865419335,
                0.474333739063171,
                0.0
            ],
            [
                0.0,
                0.0,
                0.9184981334314453,
                0.395425313912692
            ]
        ],
        [
            [
                -0.5293566566017323,
                -0.29993572414813785,
                0.0
            ],
            [
                0.0,
                0.0,
                -0.15882308228495232,
                0.9873070588897394
            ]
        ]
    ],
    "difficulty": 0.7839488769852457,
    "dynamic_speed": null
}