{
    "target_eff_poses": [
        [
            [
                0.4541865885257721,
                -0.05363526940345764,
                0.5388554930686951
            ],
            [
                -0.10264156013727188,
                0.5575934648513794,
                0.08990511298179626,
                0.8188230991363525
            ]
        ],
        [
            [
                0.4825311005115509,
                0.3167094886302948,
                0.6565389633178711
            ],
            [
                0.2099178284406662,
                0.3183870017528534,
                -0.7278751134872437,
                0.5698789954185486
            ]
        ],
        [
            [
                -0.767838180065155,
                -0.4563528895378113,
                0.64509117603302
            ],
            [
                -0.3777769207954407,
                -0.016571717336773872,
                0.6623706221580505,
                0.6467418670654297
            ]
        ],
        [
            [
                -0.11095479130744934,
                -0.4186716377735138,
                0.453227698802948
            ],
            [
                -0.5557165145874023,
                0.07356394827365875,
                0.8266692757606506,
                0.048840880393981934
            ]
        ]
    ],
    "start_goal_config": [
        null,
        null,
        null,
        null
    ],
    "start_config": [
        [
            -1.7936163039592004,
            -2.1963031199895267,
            2.4080113910364154,
            -0.9868655268329448,
            -0.7052183429866643,
            -6.33772923210011e-09
        ],
        [
            -2.953268175078894,
            -2.636633419755135,
            1.9708587625341525,
            -1.054852524318963,
            -1.695813902474698,
            5.530547890309644e-06
        ],
        [
            -2.8560577896887978,
            -1.5784698284267729,
            1.53823229934131,
            -1.5831270800382526,
            -1.491427150670142,
            1.170911857114839e-06
        ],
        [
            -4.306092521087773,
            -2.360711312400192,
            1.8456371568381016,
            -1.2379038263341602,
            -2.711180288073066,
            2.4629065434408083e-05
        ]
    ],
    "goal_config": [
        [
            -3.0598668143002814,
            -2.34162875971093,
            1.7083241960715547,
            -1.3026621314767197,
            -1.6434780419418378,
            1.019913970031705e-08
        ],
        [
            -3.2389599449544044,
            -2.487391657434771,
            1.494558997727101,
            -1.3662166808066591,
            -1.8944684785516621,
            2.2564968859308034e-05
        ],
        [
            -3.2287730748691175,
            -2.6349161905046627,
            1.5633143393830828,
            -1.2943930644276966,
            -2.3881174767530746,
            3.303007779473926e-05
        ],
        [
            -3.0438891610972947,
            -1.2559856347071425,
            1.1405836775569222,
            -1.8360548626207964,
            -1.4981974958831192,
            -1.1456632405378083e-06
        ]
    ],
    "base_poses": [
        [
            [
                0.33457535096663027,
                -0.19360968669925893,
                0.0
            ],
            [
                0.0,
                0.0,
                0.9945095448703049,
                -0.10464590370319843
            ]
        ],
        [
            [
                0.41241758910601445,
                0.3422714808371965,
                0.0
            ],
            [
                -0.0,
                -0.0,
                0.7673977879187401,
                0.6411712993400628
            ]
        ],
        [
            [
                -0.7985736911965491,
                -0.4096344605397464,
                0.0
            ],
            [
                0.0,
                0.0,
                -0.31570996065276125,
                0.9488557428527437
            ]
        ],
        [
            [
                0.5568903501775861,
                -0.42677767175620274,
                0.0
            ],
            [
                0.0,
                0.0,
                -0.14366570966767606,
                0.9896262748460567
            ]
        ]
    ],
    "difficulty": 0.9690905674558437,
    "dynamic_speed": null,
    "ur5_count": 4,
    "id": "067190",
    "task_path": "/home/hqh2101/workspace-sharing-multiarm/src/data/8f14d7-hard-vlo-tasks/067190.json"
}