{
    "target_eff_poses": [
        [
            [
                -0.24284417927265167,
                -0.6448071002960205,
                0.29299357533454895
            ],
            [
                -0.26154446601867676,
                0.8151289820671082,
                -0.2542150318622589,
                0.45003771781921387
            ]
        ],
        [
            [
                0.6656982898712158,
                -0.14917413890361786,
                0.3502557873725891
            ],
            [
                0.848475992679596,
                -0.17782656848430634,
                0.05017325282096863,
                -0.495932400226593
            ]
        ],
        [
            [
                0.7317063808441162,
                -0.41289305686950684,
                0.5389509797096252
            ],
            [
                0.01815340854227543,
                0.01867675594985485,
                0.9994519948959351,
                -0.020429780706763268
            ]
        ]
    ],
    "start_goal_config": [
        null,
        null,
        null
    ],
    "start_config": [
        [
            -2.5479481135093693,
            -2.8176265550785553,
            1.1952103173932553,
            -1.408990928783922,
            -2.2030121912955836,
            3.189678664930436e-05
        ],
        [
            -3.2750426410911935,
            -2.6921975600665484,
            1.7580385626403865,
            -1.172296575015484,
            -2.101688027664632,
            4.0090058008594355e-07
        ],
        [
            -1.6338124503465117,
            -1.345013249253548,
            1.7747773382088727,
            -1.5559507147881795,
            -0.9946746619300622,
            -1.7985703624409786e-05
        ]
    ],
    "goal_config": [
        [
            -4.045927987663016,
            -2.513331221484014,
            2.3177928331904947,
            -0.8908676429970266,
            -2.395480244904843,
            -1.9739844344342245e-05
        ],
        [
            -4.732884406459271,
            -2.327299464176633,
            2.297986429320233,
            -1.0143318407891442,
            -3.035825442014086,
            6.975669717395258e-06
        ],
        [
            -2.54128657957637,
            -3.171691491938058,
            1.2139132565163957,
            -1.2359364302619587,
            -2.35043500382711,
            -3.484903939052409e-05
        ]
    ],
    "base_poses": [
        [
            [
                -0.32748248153298987,
                -0.6412975584450081,
                0.0
            ],
            [
                0.0,
                0.0,
                0.9392674134431024,
                -0.3431861390614491
            ]
        ],
        [
            [
                0.5934829930028542,
                -0.3101332540806938,
                0.0
            ],
            [
                0.0,
                0.0,
                -0.14297014012602755,
                0.9897270022750435
            ]
        ],
        [
            [
                0.38771887987915643,
                -0.7558876159003154,
                0.0
            ],
            [
                -0.0,
                -0.0,
                0.1098823543537505,
                0.9939446001672713
            ]
        ]
    ],
    "difficulty": 0.7680383314543405,
    "dynamic_speed": null,
    "ur5_count": 3,
    "id": "070270",
    "task_path": "/home/huy/programming/projects/workspace-sharing-multiarm/src/data/8f14d7-hard-vlo-tasks/070270.json"
}