{
    "target_eff_poses": [
        [
            [
                0.3371104598045349,
                1.2566202878952026,
                0.36061039566993713
            ],
            [
                -0.26990199089050293,
                0.6577136516571045,
                0.5194809436798096,
                0.47403085231781006
            ]
        ],
        [
            [
                -0.018173594027757645,
                -0.3958694040775299,
                0.2040424942970276
            ],
            [
                0.8486077785491943,
                0.2256162166595459,
                -0.4410913586616516,
                0.18547411262989044
            ]
        ]
    ],
    "start_goal_config": [
        null,
        null
    ],
    "start_config": [
        [
            -3.500816495762164,
            -1.542290719114618,
            1.412707809113137,
            -1.6477699508402437,
            -1.655364415324059,
            1.2994207575177902e-05
        ],
        [
            -2.04493359325779,
            -1.9942737450750538,
            1.4087209069057436,
            -1.5307474842740025,
            -1.0455700600191715,
            -2.3223261069889856e-05
        ]
    ],
    "goal_config": [
        [
            -1.8383927420062105,
            -1.4188330630356347,
            1.4956577479744797,
            -1.6367395168004133,
            -1.1290926471706824,
            -2.660745010544692e-05
        ],
        [
            -2.5698155560601244,
            -1.5914735339758368,
            1.9853019657738418,
            -1.3917183873224404,
            -1.4326089827271395,
            -1.5559604580876335e-06
        ]
    ],
    "base_poses": [
        [
            [
                0.3034951974745417,
                0.6846244461181981,
                0.0
            ],
            [
                0.0,
                0.0,
                0.9991451769106633,
                0.04133903066303628
            ]
        ],
        [
            [
                0.1915089368591103,
                -0.07326739013904682,
                0.0
            ],
            [
                -0.0,
                -0.0,
                0.04304663932568449,
                0.9990730638160377
            ]
        ]
    ],
    "difficulty": 0.3735540299068936,
    "dynamic_speed": null,
    "ur5_count": 2,
    "id": "071206",
    "task_path": "/home/hqh2101/workspace-sharing-multiarm/src/data/8f14d7-hard-vlo-tasks/071206.json"
}