{
    "target_eff_poses": [
        [
            [
                0.03786151111125946,
                -0.08069688826799393,
                0.5097907185554504
            ],
            [
                0.6422281861305237,
                0.023535005748271942,
                -0.5986585021018982,
                -0.47811824083328247
            ]
        ]
    ],
    "start_goal_config": [
        null
    ],
    "start_config": [
        [
            -3.063167750235627,
            -2.6352065627487256,
            1.4802669128509327,
            -1.3300048565713756,
            -2.1330819224007023,
            2.836762188954889e-05
        ]
    ],
    "goal_config": [
        [
            -4.9010237051143966,
            -1.7227052634174747,
            1.514450502902911,
            -1.5373889804268683,
            -2.281346709492841,
            3.080248230356468e-05
        ]
    ],
    "base_poses": [
        [
            [
                0.3978040817578452,
                -0.31685676898972875,
                0.0
            ],
            [
                -0.0,
                -0.0,
                0.532103919252518,
                0.8466790531931859
            ]
        ]
    ],
    "difficulty": 0.0
}