{
    "target_eff_poses": [
        [
            [
                0.07216965407133102,
                -0.8369562029838562,
                0.5820239186286926
            ],
            [
                0.1538984775543213,
                -0.018141040578484535,
                0.6962791681289673,
                0.7008434534072876
            ]
        ],
        [
            [
                0.5178772211074829,
                0.6172508597373962,
                0.6152319312095642
            ],
            [
                -0.38687238097190857,
                -0.09576738625764847,
                0.8318815231323242,
                0.3861754238605499
            ]
        ],
        [
            [
                0.602488100528717,
                -0.6862107515335083,
                0.7312720417976379
            ],
            [
                -0.12278053909540176,
                -0.027961164712905884,
                0.9773260951042175,
                0.1702258586883545
            ]
        ]
    ],
    "start_goal_config": [
        null,
        null,
        null
    ],
    "start_config": [
        [
            -2.8470901244466584,
            -3.0720732284923495,
            1.7903689742892595,
            -0.9702331439772299,
            -1.4420874181306909,
            -1.1415285539595383e-05
        ],
        [
            -3.067122245289797,
            -2.637604362036807,
            1.9100370007255512,
            -1.0957681935284835,
            -1.7680206377867373,
            8.380420000015651e-06
        ],
        [
            -3.143752258639386,
            -2.6379243827619328,
            1.6297594417210364,
            -1.2531449052805543,
            -1.9261402054380936,
            3.0135786075671354e-05
        ]
    ],
    "goal_config": [
        [
            -2.5953745576212994,
            -3.076009071673917,
            1.0026149457378726,
            -1.379406345809469,
            -2.2422225625349697,
            -3.9984194717262756e-05
        ],
        [
            -3.1908430754972534,
            -2.6707804374122834,
            1.6077058899528016,
            -1.2586285158482649,
            -2.248098633574372,
            3.1217849784247184e-05
        ],
        [
            -2.783885948806742,
            -2.6752152810775365,
            1.2266407068454874,
            -1.4404884868686905,
            -1.9672451717419548,
            2.5395882801571303e-05
        ]
    ],
    "base_poses": [
        [
            [
                -0.24190716542293522,
                -0.39050785444313835,
                0.0
            ],
            [
                0.0,
                0.0,
                -0.6639275019208264,
                0.7477969458303311
            ]
        ],
        [
            [
                0.4743332514086358,
                0.6539094512236903,
                0.0
            ],
            [
                0.0,
                0.0,
                -0.07127342678331153,
                0.9974568154233866
            ]
        ],
        [
            [
                0.40767811041875035,
                -0.6372348090483595,
                0.0
            ],
            [
                0.0,
                0.0,
                -0.15247547498286082,
                0.9883072546170806
            ]
        ]
    ],
    "difficulty": 0.22470995318542641
}