{
    "target_eff_poses": [
        [
            [
                0.4645422399044037,
                0.8278942704200745,
                0.5438036322593689
            ],
            [
                -0.0707913413643837,
                0.5059916377067566,
                -0.23560765385627747,
                0.8267104029655457
            ]
        ],
        [
            [
                0.47690320014953613,
                0.10937609523534775,
                0.5710168480873108
            ],
            [
                -0.5057258605957031,
                -0.27016401290893555,
                0.8192996382713318,
                0.0008995445678010583
            ]
        ],
        [
            [
                -0.9279453754425049,
                0.1368209421634674,
                0.21464432775974274
            ],
            [
                0.816459059715271,
                0.09051994234323502,
                -0.5375213027000427,
                0.19045095145702362
            ]
        ]
    ],
    "start_goal_config": [
        null,
        null,
        null
    ],
    "start_config": [
        [
            -2.875221416376225,
            -2.49655947209582,
            1.1778118250157772,
            -1.5187388919199496,
            -2.338664906498133,
            3.8310516615552614e-05
        ],
        [
            -2.998584936448733,
            -2.638699534936103,
            1.4404336094284969,
            -1.3466114516897671,
            -1.9212293284051998,
            2.2781225176342105e-05
        ],
        [
            -2.9797585269876916,
            -2.728755209257903,
            1.5450674646615201,
            -1.2667635088362141,
            -2.0440956537106167,
            2.664705147540674e-05
        ]
    ],
    "goal_config": [
        [
            -3.311442336303412,
            -2.610366017630245,
            1.745394713413266,
            -1.2041042383784393,
            -1.9874433232050461,
            1.9195840581696268e-05
        ],
        [
            -4.376157987234083,
            -1.9760486671959354,
            1.5375826582972256,
            -1.4818973761815986,
            -2.062543957504452,
            3.069987214772304e-05
        ],
        [
            -2.356208300354619,
            -1.3490517001623847,
            1.707016154537817,
            -1.5716149934676582,
            -1.3407057673896532,
            -9.445959370803554e-06
        ]
    ],
    "base_poses": [
        [
            [
                0.42903508250104605,
                0.7757607540984832,
                0.0
            ],
            [
                0.0,
                0.0,
                0.9998780136480262,
                -0.015619149249481497
            ]
        ],
        [
            [
                0.7331113718385731,
                0.3000193624311329,
                0.0
            ],
            [
                -0.0,
                -0.0,
                0.7591901270677408,
                0.6508689199546001
            ]
        ],
        [
            [
                -0.5336538052096783,
                0.48194604007279485,
                0.0
            ],
            [
                0.0,
                0.0,
                -0.1664534966089592,
                0.9860493057989804
            ]
        ]
    ],
    "difficulty": 0.6622778143515471,
    "dynamic_speed": null
}