{
    "target_eff_poses": [
        [
            [
                -0.00997227057814598,
                -0.4370865821838379,
                0.40628939867019653
            ],
            [
                0.6468921303749084,
                0.33440491557121277,
                -0.5164368152618408,
                0.45055192708969116
            ]
        ],
        [
            [
                -0.8229503035545349,
                0.7821176648139954,
                0.7955524921417236
            ],
            [
                -0.14748206734657288,
                0.18734993040561676,
                0.40315553545951843,
                0.8835240006446838
            ]
        ]
    ],
    "start_goal_config": [
        null,
        null
    ],
    "start_config": [
        [
            -2.624401991805004,
            -2.9406612605258413,
            1.2480871729828193,
            -1.3347839011416551,
            -2.0881977286750684,
            3.5356584073213695e-05
        ],
        [
            -3.179667546267381,
            -2.1927982470972975,
            1.2161324740109523,
            -1.5822724748818944,
            -1.657321474078308,
            9.005076774025027e-06
        ]
    ],
    "goal_config": [
        [
            -2.3412846798012095,
            -2.20159742946328,
            1.9287840614910507,
            -1.2373502179698732,
            -1.3305361416592756,
            -1.0853541305331953e-05
        ],
        [
            -3.3266567053664606,
            -2.2158466030595148,
            1.1599201989242227,
            -1.6041539199957895,
            -1.8096334777523007,
            1.8107263099682948e-05
        ]
    ],
    "base_poses": [
        [
            [
                -0.061640684382101796,
                -0.1866668139676404,
                0.0
            ],
            [
                -0.0,
                -0.0,
                0.19580623189490454,
                0.9806426054129602
            ]
        ],
        [
            [
                -0.7960463763157997,
                0.6631761117873038,
                0.0
            ],
            [
                0.0,
                0.0,
                -0.8020738268450401,
                0.5972248959061842
            ]
        ]
    ],
    "difficulty": 0.08792998168125382
}