{
    "target_eff_poses": [
        [
            [
                -0.4969397485256195,
                -0.21554915606975555,
                0.7504062652587891
            ],
            [
                0.12182224541902542,
                0.13354238867759705,
                -0.6601178646087646,
                0.729088544845581
            ]
        ],
        [
            [
                0.1499587595462799,
                -0.152268648147583,
                0.31038185954093933
            ],
            [
                0.6902985572814941,
                -0.5243866443634033,
                0.1987105906009674,
                -0.457187682390213
            ]
        ]
    ],
    "start_goal_config": [
        null,
        null
    ],
    "start_config": [
        [
            -3.1977459730101216,
            -2.6517050591538984,
            2.0369939739987886,
            -1.005014220916339,
            -1.8772934684572955,
            8.27804206283327e-06
        ],
        [
            -3.1559572598492047,
            -2.7656576710517173,
            1.778605551520364,
            -1.1331724565973689,
            -2.060938866123997,
            2.4848689056760035e-05
        ]
    ],
    "goal_config": [
        [
            -2.998791698112942,
            -2.5387900536976207,
            1.2378855757749816,
            -1.4771702293174749,
            -1.5670531146062485,
            -1.116619697080112e-09
        ],
        [
            -4.434306903432974,
            -2.5586457681878834,
            2.4010948937448373,
            -0.8861806189373317,
            -2.9019457661872132,
            1.3597093291538984e-05
        ]
    ],
    "base_poses": [
        [
            [
                -0.5974643631407108,
                -0.3159399324267108,
                0.0
            ],
            [
                -0.0,
                -0.0,
                0.6901764266537858,
                0.7236411404082909
            ]
        ],
        [
            [
                0.05534653746587259,
                -0.1856873217258901,
                0.0
            ],
            [
                0.0,
                0.0,
                -0.6200970692856629,
                0.7845250949863438
            ]
        ]
    ],
    "difficulty": 0.446438639353505,
    "dynamic_speed": null,
    "ur5_count": 2,
    "id": "077985",
    "task_path": "/home/hqh2101/workspace-sharing-multiarm/src/data/8f14d7-hard-vlo-tasks/077985.json"
}