{
    "target_eff_poses": [
        [
            [
                0.79607093334198,
                -0.897260308265686,
                0.1088273897767067
            ],
            [
                0.48329347372055054,
                0.7822335958480835,
                -0.2041233777999878,
                0.3359639346599579
            ]
        ],
        [
            [
                -0.4390392601490021,
                -0.5839887857437134,
                0.3709830939769745
            ],
            [
                -0.6696597933769226,
                -0.19341883063316345,
                0.7101826667785645,
                0.0989215150475502
            ]
        ],
        [
            [
                0.09745155274868011,
                -0.2790850102901459,
                0.39263129234313965
            ],
            [
                -0.46731966733932495,
                0.6687821745872498,
                -0.3085765838623047,
                0.4890022277832031
            ]
        ],
        [
            [
                0.46493810415267944,
                0.2557232677936554,
                0.5712261199951172
            ],
            [
                -0.19196659326553345,
                -0.12201534956693649,
                0.9536178112030029,
                -0.19716547429561615
            ]
        ]
    ],
    "start_goal_config": [
        null,
        null,
        null,
        null
    ],
    "start_config": [
        [
            -3.0466785845344124,
            -2.796155745003615,
            1.0573033998320547,
            -1.4877782356271234,
            -1.4985660023483078,
            -4.6179800430685065e-06
        ],
        [
            -2.680897060076766,
            -3.212265372045579,
            1.4642046136028837,
            -1.090418307501882,
            -2.0638477068501118,
            7.399716163201884e-06
        ],
        [
            -2.6992265659651724,
            -2.3429780682150074,
            1.5483976506127806,
            -1.3799591302776737,
            -1.3926202836112278,
            -1.0817007594099967e-05
        ],
        [
            -2.8213875384048595,
            -2.305493704394242,
            1.7608833314388925,
            -1.2870302578049289,
            -1.532391102084849,
            -8.190647218130408e-08
        ]
    ],
    "goal_config": [
        [
            -3.053309878687189,
            -1.352268555252941,
            1.9973648457797744,
            -1.4531249874935699,
            -1.5633296410864377,
            5.850385647705998e-06
        ],
        [
            -4.554416854296002,
            -1.4048558023795816,
            1.4592813471131934,
            -1.65350031403196,
            -1.990376202972345,
            3.4187649425549914e-05
        ],
        [
            -4.95449296007299,
            -2.062409948910699,
            2.0427765476380344,
            -1.2134505441981556,
            -2.7436146448877294,
            1.7039308930109898e-05
        ],
        [
            -2.7692388548107947,
            -3.0004180288191504,
            1.5005840816722993,
            -1.1828081465421643,
            -1.9331495146134343,
            2.41169916615698e-05
        ]
    ],
    "base_poses": [
        [
            [
                0.5234964315388213,
                -0.6050015668258253,
                0.0
            ],
            [
                -0.0,
                -0.0,
                0.8287987053354611,
                0.5595468756362272
            ]
        ],
        [
            [
                0.10710397805629035,
                -0.44869036233932746,
                0.0
            ],
            [
                -0.0,
                -0.0,
                0.7017260218046346,
                0.7124469035108802
            ]
        ],
        [
            [
                -0.16692320881717837,
                -0.28081147951989593,
                0.0
            ],
            [
                0.0,
                0.0,
                -0.5978836752253146,
                0.8015828783719564
            ]
        ],
        [
            [
                0.2472788660016061,
                0.13247396066271988,
                0.0
            ],
            [
                -0.0,
                -0.0,
                0.19757625496584105,
                0.9802875208191079
            ]
        ]
    ],
    "difficulty": 0.8719723183391004
}