{
    "target_eff_poses": [
        [
            [
                0.13864699006080627,
                -0.19300752878189087,
                0.33751994371414185
            ],
            [
                0.7735128402709961,
                -0.07424651831388474,
                -0.6036756634712219,
                -0.1781601458787918
            ]
        ]
    ],
    "start_goal_config": [
        null
    ],
    "start_config": [
        [
            -3.1401930133737563,
            -2.7704841270115628,
            2.0639910069102054,
            -0.9265434735196015,
            -1.9222706114680725,
            1.1479014873040748e-05
        ]
    ],
    "goal_config": [
        [
            -3.049365361073209,
            -2.535220943477628,
            2.140996096188842,
            -0.9673768426751684,
            -1.7620799665221352,
            1.0415119697430064e-05
        ]
    ],
    "base_poses": [
        [
            [
                0.2434718427862239,
                -0.1441823654994987,
                0.0
            ],
            [
                0.0,
                0.0,
                -0.23521950391219554,
                0.9719422745098089
            ]
        ]
    ],
    "difficulty": 0.0,
    "dynamic_speed": null,
    "ur5_count": 1,
    "id": "080029",
    "task_path": "/home/hqh2101/workspace-sharing-multiarm/src/data/8f14d7-hard-vlo-tasks/080029.json"
}