{
    "target_eff_poses": [
        [
            [
                -1.0271316766738892,
                -0.5889715552330017,
                0.3849621117115021
            ],
            [
                -0.6442128419876099,
                -0.10284260660409927,
                0.6446771025657654,
                -0.39850306510925293
            ]
        ],
        [
            [
                -0.060562945902347565,
                -0.06468462198972702,
                0.36799851059913635
            ],
            [
                0.7387757301330566,
                0.11967317014932632,
                -0.6575584411621094,
                -0.08663541078567505
            ]
        ]
    ],
    "start_goal_config": [
        null,
        null
    ],
    "start_config": [
        [
            -2.7327229165496494,
            -3.013576294884976,
            0.9590424222701629,
            -1.4396633484659231,
            -1.9624545733780967,
            -2.177259955478662e-05
        ],
        [
            -1.4063813713702293,
            -1.108976810686479,
            1.1817090363310043,
            -1.8076462484125566,
            -0.8503539487626374,
            3.8861631623360425e-05
        ]
    ],
    "goal_config": [
        [
            -1.9594585756531622,
            -1.293867395555431,
            1.3154215806706278,
            -1.741723201238638,
            -1.1754451471978078,
            -2.007569130729022e-05
        ],
        [
            -4.083270590200204,
            -1.7084197441234525,
            1.7266568577612438,
            -1.468511494732808,
            -1.8623858464659546,
            2.3995091045472014e-05
        ]
    ],
    "base_poses": [
        [
            [
                -0.6618970124158668,
                -0.06350775889748728,
                0.0
            ],
            [
                0.0,
                0.0,
                -0.2329372876097228,
                0.9724917583409256
            ]
        ],
        [
            [
                0.3500030032079935,
                0.01928872382821145,
                0.0
            ],
            [
                -0.0,
                -0.0,
                0.46678142297026215,
                0.8843727173369027
            ]
        ]
    ],
    "difficulty": 0.2139565503620803,
    "dynamic_speed": null,
    "ur5_count": 2,
    "id": "081047",
    "task_path": "/home/huy/programming/projects/workspace-sharing-multiarm/src/data/8f14d7-hard-vlo-tasks/081047.json"
}