{
    "target_eff_poses": [
        [
            [
                -0.6709851622581482,
                -0.46622776985168457,
                0.7053337693214417
            ],
            [
                -0.2248956561088562,
                0.2977461814880371,
                0.4247296154499054,
                0.8248477578163147
            ]
        ]
    ],
    "start_goal_config": [
        null
    ],
    "start_config": [
        [
            -4.64624088079062,
            -1.8015850321117324,
            2.41844185853765,
            -1.1677705800835279,
            -2.5120782896317353,
            2.045952968901079e-05
        ]
    ],
    "goal_config": [
        [
            -3.3170993568341287,
            -2.229473731112556,
            1.3568118124639976,
            -1.5041519335424693,
            -1.7422022784046232,
            1.5547445444010557e-05
        ]
    ],
    "base_poses": [
        [
            [
                -0.6576129841852021,
                -0.6390709678559088,
                0.0
            ],
            [
                0.0,
                0.0,
                -0.7967062876658366,
                0.6043666860389653
            ]
        ]
    ],
    "difficulty": 0.0,
    "dynamic_speed": null
}