{
    "target_eff_poses": [
        [
            [
                0.590460479259491,
                -0.3898155987262726,
                0.8088061809539795
            ],
            [
                -0.0684981569647789,
                -0.01053770910948515,
                0.9197519421577454,
                -0.386333167552948
            ]
        ],
        [
            [
                0.3615824580192566,
                0.4482562839984894,
                0.5722545981407166
            ],
            [
                -0.141449436545372,
                -0.08167393505573273,
                0.9857051372528076,
                -0.041313767433166504
            ]
        ],
        [
            [
                -0.15688444674015045,
                -0.4492533802986145,
                0.7994253635406494
            ],
            [
                0.007347659207880497,
                -0.004410518333315849,
                0.846887469291687,
                0.5317030549049377
            ]
        ]
    ],
    "start_goal_config": [
        null,
        null,
        null
    ],
    "start_config": [
        [
            -1.8464730792209638,
            -1.3076260165002276,
            1.398337877699019,
            -1.7027895666703825,
            -1.1300077292430843,
            -2.230210871925647e-05
        ],
        [
            -2.611198480890338,
            -1.960005251302393,
            1.6255202511313664,
            -1.4473398460941485,
            -1.4327733744625404,
            -2.8859304773131814e-07
        ],
        [
            -2.9240276156578897,
            -1.6634692942781462,
            1.364460571199138,
            -1.6407874402450946,
            -1.5013822042871847,
            2.589327712948926e-06
        ]
    ],
    "goal_config": [
        [
            -3.092698209797862,
            -2.497770118740578,
            1.0701573091660577,
            -1.5752556989982385,
            -1.3256685495766987,
            -1.5711577037449452e-05
        ],
        [
            -2.6764575800192763,
            -3.050178106557738,
            1.432967729470624,
            -1.1962276667918348,
            -2.052615827023686,
            2.5834861695341634e-05
        ],
        [
            -2.992259212456078,
            -2.594257723246163,
            1.012641085288544,
            -1.5771145615154283,
            -1.5907487083763323,
            1.1960324391732823e-06
        ]
    ],
    "base_poses": [
        [
            [
                0.39247980377269664,
                -0.3461947759259257,
                0.0
            ],
            [
                -0.0,
                -0.0,
                0.2480345674559038,
                0.9687511823719044
            ]
        ],
        [
            [
                0.08051477106043481,
                0.32777126431333525,
                0.0
            ],
            [
                -0.0,
                -0.0,
                0.05021141787929857,
                0.9987386112064309
            ]
        ],
        [
            [
                -0.1699075945875128,
                -0.18805982680826006,
                0.0
            ],
            [
                0.0,
                0.0,
                -0.5853597238104037,
                0.8107737006961979
            ]
        ]
    ],
    "difficulty": 0.7153456048084147,
    "dynamic_speed": null
}