{
    "target_eff_poses": [
        [
            [
                -0.9679749011993408,
                -0.9394435882568359,
                0.4351362884044647
            ],
            [
                -0.5970456600189209,
                0.23618164658546448,
                0.7048088908195496,
                -0.3016607165336609
            ]
        ],
        [
            [
                -1.016331434249878,
                0.2987467348575592,
                0.2683987021446228
            ],
            [
                0.7997214794158936,
                -0.3469768166542053,
                -0.4757053256034851,
                0.11729099601507187
            ]
        ],
        [
            [
                0.34276440739631653,
                0.9405017495155334,
                0.5672624111175537
            ],
            [
                -0.04850592091679573,
                0.4941561818122864,
                0.0709628313779831,
                0.8651133179664612
            ]
        ]
    ],
    "start_goal_config": [
        null,
        null,
        null
    ],
    "start_config": [
        [
            -3.0689366484466967,
            -2.7004456503047987,
            2.071563171919956,
            -0.9503556582164365,
            -1.8258627634470075,
            7.55114713811248e-06
        ],
        [
            -2.8597979070133697,
            -3.0135619741177986,
            1.7839898341053988,
            -1.0097687735240508,
            -1.6224346366763105,
            -3.709011098984884e-09
        ],
        [
            -2.8156904493172163,
            -2.5632101591852727,
            1.2102526327329306,
            -1.4836989039241222,
            -2.193254901201835,
            -3.340285092358102e-05
        ]
    ],
    "goal_config": [
        [
            -1.3696864634827337,
            -1.2997129364867968,
            1.272257702265603,
            -1.719788998332647,
            -0.7896953214130477,
            3.575071246360478e-05
        ],
        [
            -1.7540503692228882,
            -1.9892930882833102,
            2.172712324721182,
            -1.2074784907293503,
            -0.9197018839753969,
            -1.5134007644939436e-05
        ],
        [
            -3.3297528831673366,
            -1.454640255158266,
            1.1436391918761288,
            -1.7913945065401773,
            -1.5868013429932881,
            5.344380779134716e-06
        ]
    ],
    "base_poses": [
        [
            [
                -0.3584864497239506,
                -0.7217743755095761,
                0.0
            ],
            [
                0.0,
                0.0,
                -0.7656692636627619,
                0.6432344663356622
            ]
        ],
        [
            [
                -0.7482911146777476,
                0.44399760063807037,
                0.0
            ],
            [
                0.0,
                0.0,
                -0.7015629775767275,
                0.7126074575063582
            ]
        ],
        [
            [
                -0.19908482323300114,
                0.7332503205371703,
                0.0
            ],
            [
                0.0,
                0.0,
                0.9831328740935515,
                -0.18289273325245342
            ]
        ]
    ],
    "difficulty": 0.23203745165886425
}