{
    "target_eff_poses": [
        [
            [
                0.31241750717163086,
                0.49368226528167725,
                0.41925284266471863
            ],
            [
                0.08584164828062057,
                0.5844065546989441,
                -0.14167192578315735,
                0.7943735122680664
            ]
        ],
        [
            [
                -0.645248293876648,
                0.32281574606895447,
                0.5657862424850464
            ],
            [
                -0.007882923819124699,
                0.5254162549972534,
                -0.5781896114349365,
                0.6241573691368103
            ]
        ],
        [
            [
                0.7972414493560791,
                -0.4843780994415283,
                0.3189295530319214
            ],
            [
                -0.6844930052757263,
                0.10360676795244217,
                0.710521936416626,
                0.12606965005397797
            ]
        ],
        [
            [
                0.7671868205070496,
                -0.8929746747016907,
                0.16929012537002563
            ],
            [
                0.3265492022037506,
                0.8000107407569885,
                -0.17279914021492004,
                0.4727461338043213
            ]
        ]
    ],
    "start_goal_config": [
        null,
        null,
        null,
        null
    ],
    "start_config": [
        [
            -3.1156260340376587,
            -2.335232674734735,
            1.1258550225522943,
            -1.5904774822667231,
            -1.7753006087875902,
            3.206775098135196e-07
        ],
        [
            -1.1466749341919227,
            -1.2831586199715468,
            1.625309736258605,
            -1.553825133984879,
            -0.474352310714948,
            -2.3002027097069323e-05
        ],
        [
            -2.9315349314348498,
            -1.5274817434545471,
            2.121956742597639,
            -1.352224798644407,
            -1.549758390494745,
            7.455577753404704e-08
        ],
        [
            -3.472432493704872,
            -2.3274590149178382,
            1.2613869327070248,
            -1.5228698597704984,
            -2.20599313940967,
            3.0444248858180836e-05
        ]
    ],
    "goal_config": [
        [
            -3.426273665959351,
            -1.2428486886522712,
            1.1841679263596567,
            -1.8191143166531947,
            -1.6014429721116286,
            5.472817218628054e-06
        ],
        [
            -3.673832642130131,
            -2.555229607440647,
            1.7486995027245749,
            -1.2284981963970303,
            -2.3329919632591296,
            2.3940561061747434e-05
        ],
        [
            -2.6771301884983365,
            -3.0845433032288434,
            2.077941581101876,
            -0.6056764587197276,
            -1.5961787087881643,
            4.912205475765724e-13
        ],
        [
            -2.9898518716226645,
            -1.3581500446522006,
            1.822316040009509,
            -1.5190782676791859,
            -1.5336916259300064,
            2.407597792242003e-06
        ]
    ],
    "base_poses": [
        [
            [
                -0.34497202558463996,
                0.6023565365718901,
                0.0
            ],
            [
                0.0,
                0.0,
                0.9998228538101435,
                0.018821822412841176
            ]
        ],
        [
            [
                -0.6910539063471245,
                0.3379242550673409,
                0.0
            ],
            [
                0.0,
                0.0,
                0.9950079637838344,
                0.09979555103684547
            ]
        ],
        [
            [
                0.7225523381449437,
                -0.3474138265607275,
                0.0
            ],
            [
                0.0,
                0.0,
                -0.38494192604820987,
                0.9229407963516915
            ]
        ],
        [
            [
                0.3511526802994376,
                -0.6686940889433676,
                0.0
            ],
            [
                0.0,
                0.0,
                0.9026725379300958,
                0.43032811814572347
            ]
        ]
    ],
    "difficulty": 0.6581790848444987,
    "dynamic_speed": null
}