{
    "target_eff_poses": [
        [
            [
                0.5956387519836426,
                0.16513775289058685,
                0.43530112504959106
            ],
            [
                0.6161061525344849,
                0.43882012367248535,
                0.05608473718166351,
                0.6516936421394348
            ]
        ],
        [
            [
                -0.17741893231868744,
                0.2475576400756836,
                0.27067938446998596
            ],
            [
                -0.41072192788124084,
                0.741161048412323,
                0.39302629232406616,
                0.35709697008132935
            ]
        ],
        [
            [
                0.6822275519371033,
                -0.4087405502796173,
                0.1237371489405632
            ],
            [
                -0.2894600033760071,
                0.801577627658844,
                -0.14017391204833984,
                0.5040209889411926
            ]
        ],
        [
            [
                -0.12215530127286911,
                -0.9766308665275574,
                0.17629048228263855
            ],
            [
                0.4244101345539093,
                0.6513742804527283,
                -0.47479790449142456,
                0.4124978482723236
            ]
        ]
    ],
    "start_goal_config": [
        null,
        null,
        null,
        null
    ],
    "start_config": [
        [
            -2.67286920568118,
            -2.758398192462578,
            1.8050419659291255,
            -1.1144040455052036,
            -1.2455136446101547,
            -7.890227094281005e-08
        ],
        [
            -2.775370225861834,
            -1.5692897331192375,
            1.5573001092461307,
            -1.577054169215163,
            -1.4697064451067738,
            -1.7383156752739377e-07
        ],
        [
            -3.4849607988936953,
            -2.4943035485920815,
            1.5231519309381942,
            -1.353130286992405,
            -2.307879463182157,
            1.9047864923627144e-05
        ],
        [
            -3.555571741819231,
            -2.4809846965344997,
            1.5258805421828296,
            -1.3566917202933222,
            -2.453113785550553,
            3.410450170292264e-05
        ]
    ],
    "goal_config": [
        [
            -1.7176341931337111,
            -2.2272014844580563,
            1.9996485128495678,
            -1.198430028983432,
            -0.5330508906891089,
            -9.12656941882005e-06
        ],
        [
            -2.0941784258188263,
            -1.8102731841685857,
            2.0138374015391096,
            -1.3231843643863201,
            -1.2435685906212575,
            -2.1993430240253904e-07
        ],
        [
            -4.891967692324038,
            -1.0973831675655779,
            1.651332736614635,
            -1.6550219236140988,
            -2.188584115735581,
            2.2092144180308397e-05
        ],
        [
            -4.24604813126456,
            -1.0755790845447633,
            1.4536586328590355,
            -1.738495978259996,
            -1.848816896020579,
            2.0301113369822296e-05
        ]
    ],
    "base_poses": [
        [
            [
                0.29316236864177503,
                0.17950263375269115,
                0.0
            ],
            [
                -0.0,
                -0.0,
                0.41304051249562496,
                0.9107126522879494
            ]
        ],
        [
            [
                -0.10275046664497067,
                -0.0935205080279633,
                0.0
            ],
            [
                0.0,
                0.0,
                0.9893698894531193,
                -0.14542084391008903
            ]
        ],
        [
            [
                0.12258059781549824,
                -0.48490987163668964,
                0.0
            ],
            [
                0.0,
                0.0,
                -0.6115015010032777,
                0.7912432712325195
            ]
        ],
        [
            [
                -0.28190751751145615,
                -0.3597562430870516,
                0.0
            ],
            [
                0.0,
                0.0,
                0.9865418248727598,
                0.16350910609725994
            ]
        ]
    ],
    "difficulty": 0.9592777203047117,
    "dynamic_speed": null,
    "ur5_count": 4,
    "id": "090936",
    "task_path": "/home/hqh2101/workspace-sharing-multiarm/src/data/8f14d7-hard-vlo-tasks/090936.json"
}