{
    "target_eff_poses": [
        [
            [
                0.6966780424118042,
                0.44318535923957825,
                0.5295234322547913
            ],
            [
                -0.18929240107536316,
                0.53184974193573,
                0.14261721074581146,
                0.8129972815513611
            ]
        ],
        [
            [
                0.23103973269462585,
                -0.4881277084350586,
                0.5428972244262695
            ],
            [
                -0.2689201235771179,
                -0.5318620800971985,
                0.7004187703132629,
                -0.39270636439323425
            ]
        ],
        [
            [
                -0.5636390447616577,
                0.9261375069618225,
                0.1276245266199112
            ],
            [
                0.7106543183326721,
                -0.3091796636581421,
                -0.3945256769657135,
                -0.49368807673454285
            ]
        ],
        [
            [
                -0.426625519990921,
                -0.38204726576805115,
                0.23148946464061737
            ],
            [
                0.4165668189525604,
                0.8187119364738464,
                -0.39286431670188904,
                0.042900264263153076
            ]
        ]
    ],
    "start_goal_config": [
        null,
        null,
        null,
        null
    ],
    "start_config": [
        [
            -2.8464251236061693,
            -2.9544073530059474,
            1.685120176959936,
            -1.1118653032101435,
            -2.14740483572109,
            -5.824622462489755e-10
        ],
        [
            -3.463876316317771,
            -1.180100566202265,
            1.1954757987219597,
            -1.82761093251013,
            -1.6085611295003228,
            7.542925547090897e-06
        ],
        [
            -3.2043208837815733,
            -2.7256116057192745,
            1.8769693416565325,
            -1.088164948578937,
            -1.9635639007930787,
            -1.3094113854140112e-11
        ],
        [
            -5.234192171178008,
            -1.464628727726685,
            1.2950024648180545,
            -1.599484468316719,
            -2.6776858544868793,
            -7.85640327648949e-05
        ]
    ],
    "goal_config": [
        [
            -3.186808209120745,
            -2.4297591761320088,
            1.745750252911672,
            -1.2578524023909279,
            -1.7390754098954997,
            1.6509050304546057e-06
        ],
        [
            -4.171802691171929,
            -2.2582719031376413,
            1.719833005714443,
            -1.3261603923204084,
            -2.16246478295007,
            2.7080962564557214e-05
        ],
        [
            -4.744230512056223,
            -0.9159622197615621,
            1.3557275223098422,
            -1.8079208601023875,
            -2.0570081791225956,
            2.7837203587285368e-05
        ],
        [
            -4.900343460972746,
            -1.8835638749274415,
            2.262985884289236,
            -1.1919732672015044,
            -2.562144381806398,
            2.268105062942503e-05
        ]
    ],
    "base_poses": [
        [
            [
                0.6380576264393552,
                0.3095311273960615,
                0.0
            ],
            [
                0.0,
                0.0,
                0.9609441271009938,
                -0.2767424517310439
            ]
        ],
        [
            [
                0.18633125465906153,
                -0.30098004239525,
                0.0
            ],
            [
                0.0,
                0.0,
                0.969196844190465,
                0.24628738743842232
            ]
        ],
        [
            [
                -0.3386764246146772,
                0.27906888492727644,
                0.0
            ],
            [
                -0.0,
                -0.0,
                0.1473213100896402,
                0.9890886874256889
            ]
        ],
        [
            [
                -0.33727525904327216,
                -0.1449711322121987,
                0.0
            ],
            [
                0.0,
                0.0,
                0.9962209400590767,
                0.08685527380539099
            ]
        ]
    ],
    "difficulty": 0.8377032233812611,
    "dynamic_speed": null,
    "ur5_count": 4,
    "id": "092757",
    "task_path": "/home/hqh2101/workspace-sharing-multiarm/src/data/8f14d7-hard-vlo-tasks/092757.json"
}