{
    "target_eff_poses": [
        [
            [
                0.8719982504844666,
                -1.0845415592193604,
                0.32691919803619385
            ],
            [
                0.23323628306388855,
                0.6241043210029602,
                -0.3788832128047943,
                0.6422944664955139
            ]
        ],
        [
            [
                -0.31876441836357117,
                0.7058451771736145,
                0.5360633134841919
            ],
            [
                -0.5603729486465454,
                -0.036038100719451904,
                0.7375528812408447,
                0.3750987946987152
            ]
        ],
        [
            [
                -0.35896942019462585,
                -0.07747940719127655,
                0.8339943885803223
            ],
            [
                -0.03910432755947113,
                0.144528329372406,
                0.10310526192188263,
                0.9833370447158813
            ]
        ],
        [
            [
                -0.5503839254379272,
                0.1904400736093521,
                0.49102583527565
            ],
            [
                -0.5373799800872803,
                -0.460977703332901,
                0.5531126856803894,
                0.4390770196914673
            ]
        ]
    ],
    "start_goal_config": [
        null,
        null,
        null,
        null
    ],
    "start_config": [
        [
            -2.795231338470795,
            -2.843263079695624,
            1.1538365997897388,
            -1.4187150259435328,
            -1.833092141488455,
            1.5713381882106138e-05
        ],
        [
            -3.565822744696645,
            -2.643296278886948,
            2.2458994418261313,
            -0.8431736621464327,
            -2.1608357170727834,
            3.3042886436465444e-17
        ],
        [
            -2.283510545767386,
            -1.2736692188599739,
            1.9326706864214567,
            -1.513586751736929,
            -1.3069459172044195,
            -1.998378503805821e-06
        ],
        [
            -4.564933358883916,
            -2.0685005170464246,
            1.4523943606367766,
            -1.4760188264512886,
            -2.5957560017989603,
            1.3639513935240018e-06
        ]
    ],
    "goal_config": [
        [
            -3.939536252479161,
            -1.185599343791414,
            1.2865147593054223,
            -1.7841334868242802,
            -1.7461085371180751,
            1.643914670568588e-05
        ],
        [
            -3.6728131925298597,
            -2.4881977861275093,
            1.7719413009233917,
            -1.232856410128677,
            -2.1055073561817377,
            2.0526283262832505e-05
        ],
        [
            -3.1383425199031922,
            -2.2644468634442045,
            1.0641202531096114,
            -1.6406856270124637,
            -1.7305654673413178,
            4.097144977365688e-07
        ],
        [
            -5.359044464749204,
            -1.3317410416768218,
            1.2964025045130196,
            -1.532806460509155,
            -2.9507822159693204,
            9.667481569470886e-05
        ]
    ],
    "base_poses": [
        [
            [
                0.39068670256666627,
                -0.6271005664837456,
                0.0
            ],
            [
                0.0,
                0.0,
                0.9989275272063387,
                0.046301138100799756
            ]
        ],
        [
            [
                -0.2212737498237518,
                0.7106118295883366,
                0.0
            ],
            [
                -0.0,
                -0.0,
                0.06244938915011358,
                0.9980481320030501
            ]
        ],
        [
            [
                -0.3465850747417051,
                -0.16753668629037022,
                0.0
            ],
            [
                0.0,
                0.0,
                0.9833512392972529,
                -0.18171499710413844
            ]
        ],
        [
            [
                0.03711736114633091,
                0.1943131775173954,
                0.0
            ],
            [
                0.0,
                0.0,
                0.903454647870128,
                0.4286836820335748
            ]
        ]
    ],
    "difficulty": 0.8751058026897395,
    "dynamic_speed": null,
    "ur5_count": 4,
    "id": "093320",
    "task_path": "/home/huy/programming/projects/workspace-sharing-multiarm/src/data/8f14d7-hard-vlo-tasks/093320.json"
}