{
    "target_eff_poses": [
        [
            [
                -0.5282615423202515,
                0.45676353573799133,
                0.5915457010269165
            ],
            [
                0.1874420940876007,
                0.07956194132566452,
                -0.3830806612968445,
                0.900990903377533
            ]
        ],
        [
            [
                0.3980935215950012,
                0.09405726194381714,
                0.2638755440711975
            ],
            [
                -0.4565492570400238,
                0.7025458812713623,
                0.326133131980896,
                0.43775472044944763
            ]
        ]
    ],
    "start_goal_config": [
        null,
        null
    ],
    "start_config": [
        [
            -5.277059716532484,
            -0.9438719147910829,
            1.1723085277060383,
            -1.7651203324075624,
            -2.58046157674809,
            -7.074029940181733e-05
        ],
        [
            -3.247750759155017,
            -1.258865680618964,
            1.2599323279468249,
            -1.781570941735614,
            -1.5598140572313526,
            2.8347094827703087e-06
        ]
    ],
    "goal_config": [
        [
            -3.1473172680116517,
            -2.9973903770137205,
            1.4733936148617466,
            -1.2074442598123571,
            -0.803375605830583,
            -3.643215140936149e-05
        ],
        [
            -2.791540030756358,
            -1.6886792952360177,
            1.9212869455208863,
            -1.3875000810106237,
            -1.5067625088562173,
            3.9193569598618115e-06
        ]
    ],
    "base_poses": [
        [
            [
                -0.7278551501807207,
                0.1782019779417352,
                0.0
            ],
            [
                -0.0,
                -0.0,
                0.7088911825850716,
                0.7053178654005149
            ]
        ],
        [
            [
                0.3813645067128475,
                -0.2898424006834045,
                0.0
            ],
            [
                0.0,
                0.0,
                0.9076012243891796,
                -0.41983332107785604
            ]
        ]
    ],
    "difficulty": 0.11784606709895687,
    "dynamic_speed": null,
    "ur5_count": 2,
    "id": "093561",
    "task_path": "/home/huy/programming/projects/workspace-sharing-multiarm/src/data/8f14d7-hard-vlo-tasks/093561.json"
}