{
    "target_eff_poses": [
        [
            [
                -0.5854037404060364,
                0.02606308087706566,
                0.5798825621604919
            ],
            [
                -0.32207566499710083,
                0.11522747576236725,
                0.8293522000312805,
                0.44177478551864624
            ]
        ],
        [
            [
                -1.0348565578460693,
                -0.4973814785480499,
                0.702078104019165
            ],
            [
                0.009341806173324585,
                0.0731808990240097,
                0.021315742284059525,
                0.9970470666885376
            ]
        ],
        [
            [
                0.324473112821579,
                -0.17788633704185486,
                0.6748321056365967
            ],
            [
                0.18088199198246002,
                0.3978608548641205,
                -0.5399367809295654,
                0.7193446755409241
            ]
        ],
        [
            [
                -1.0111007690429688,
                -0.08537054061889648,
                0.5921861529350281
            ],
            [
                0.030016060918569565,
                0.14948555827140808,
                -0.10952986776828766,
                0.9822201132774353
            ]
        ]
    ],
    "start_goal_config": [
        null,
        null,
        null,
        null
    ],
    "start_config": [
        [
            -4.008178360679597,
            -0.8728384531259819,
            1.2812078776651377,
            -1.8557956273470393,
            -1.7531586757861406,
            1.3762405374326134e-05
        ],
        [
            -3.382763344620565,
            -1.7925171765534613,
            2.149968566711987,
            -1.2493007243895962,
            -1.721117485802513,
            -2.837318367978873e-06
        ],
        [
            -2.242140972589426,
            -2.794099368451096,
            2.1357690130099987,
            -0.9084225738240135,
            -0.809220041450441,
            -1.501940116771368e-05
        ],
        [
            -3.123196422875512,
            -1.866008952505931,
            1.8154095891381261,
            -1.3846406910207192,
            -1.6090428893421989,
            1.1036102415339781e-05
        ]
    ],
    "goal_config": [
        [
            -2.9203067822863864,
            -2.830906173645557,
            1.5909304776827504,
            -1.2033847337601633,
            -1.7166648366481032,
            -8.189939916367926e-09
        ],
        [
            -3.078904520428683,
            -2.7909388259303007,
            1.209043288582848,
            -1.4120166556149911,
            -1.4225444495075839,
            1.3801720229191891e-05
        ],
        [
            -3.6260518393034897,
            -2.038176351788798,
            1.3551466586057583,
            -1.5539278539715748,
            -1.787991469248489,
            2.1001276444275533e-05
        ],
        [
            -3.006234828295269,
            -3.000519891928254,
            1.3978310756786811,
            -1.232771130793281,
            -1.4836895348131318,
            1.4902046902347827e-09
        ]
    ],
    "base_poses": [
        [
            [
                -0.5979067864920151,
                0.17399582052165918,
                0.0
            ],
            [
                0.0,
                0.0,
                -0.5030748549833811,
                0.8642428421939345
            ]
        ],
        [
            [
                -0.7874417020853124,
                -0.6526507591452883,
                0.0
            ],
            [
                0.0,
                0.0,
                0.9964661943333691,
                0.08399478287829645
            ]
        ],
        [
            [
                0.12587178846118918,
                0.01628335988229279,
                0.0
            ],
            [
                0.0,
                0.0,
                0.9573672955375007,
                0.2888734349766553
            ]
        ],
        [
            [
                -0.7798231244985301,
                -0.28571188950620585,
                0.0
            ],
            [
                0.0,
                0.0,
                0.9753960119515913,
                0.2204600187538121
            ]
        ]
    ],
    "difficulty": 0.9498591549295775,
    "dynamic_speed": null
}