{
    "target_eff_poses": [
        [
            [
                -0.3985132873058319,
                -0.07102956622838974,
                0.24725694954395294
            ],
            [
                0.8925411701202393,
                -0.037847261875867844,
                -0.43404147028923035,
                -0.11638687551021576
            ]
        ]
    ],
    "start_goal_config": [
        null
    ],
    "start_config": [
        [
            -2.689250744238208,
            -2.2850347335894234,
            1.708285247243692,
            -1.3192204288071312,
            -1.455592291492933,
            -5.421806323619771e-06
        ]
    ],
    "goal_config": [
        [
            -3.044424904344198,
            -2.414814059345667,
            2.328044855734573,
            -0.8453604759248837,
            -1.7903978682474992,
            5.143961684485234e-06
        ]
    ],
    "base_poses": [
        [
            [
                -0.30414671732960574,
                -0.015946962770859385,
                0.0
            ],
            [
                0.0,
                0.0,
                -0.19941605021923878,
                0.979914914120077
            ]
        ]
    ],
    "difficulty": 0.0,
    "dynamic_speed": null
}