{
    "target_eff_poses": [
        [
            [
                0.19059138000011444,
                -0.4586893916130066,
                0.5819767713546753
            ],
            [
                -0.044792018830776215,
                0.5384279489517212,
                -0.27705344557762146,
                0.7945630550384521
            ]
        ],
        [
            [
                0.3600989580154419,
                0.5374622344970703,
                0.5539721250534058
            ],
            [
                -0.24314898252487183,
                -0.034276943653821945,
                0.9528616070747375,
                0.1782088577747345
            ]
        ],
        [
            [
                0.17803166806697845,
                -0.686047375202179,
                0.3108975291252136
            ],
            [
                0.7649750709533691,
                -0.23206831514835358,
                -0.47148266434669495,
                -0.37237289547920227
            ]
        ]
    ],
    "start_goal_config": [
        null,
        null,
        null
    ],
    "start_config": [
        [
            -2.8949097640264823,
            -2.7208414224544835,
            1.7052712225773157,
            -1.1823285746930032,
            -1.5816796053380944,
            -1.2552586705648792e-07
        ],
        [
            -3.9154430250987358,
            -1.5646303104371493,
            2.0806531787621148,
            -1.3599489614914761,
            -1.843858207362748,
            2.6972108260634478e-05
        ],
        [
            -4.847109850821177,
            -1.517834628281931,
            2.0698399999120056,
            -1.3986356247610119,
            -2.268005269345948,
            2.1003430554365346e-05
        ]
    ],
    "goal_config": [
        [
            -3.8730376020967614,
            -2.244833253301716,
            1.620233938942329,
            -1.3754205944029334,
            -1.9893133384571515,
            3.3055244123547957e-05
        ],
        [
            -2.790314985571561,
            -3.025569378152991,
            1.533701011315641,
            -1.1535341178672909,
            -1.8957781468720531,
            2.5964918108457157e-05
        ],
        [
            -3.1688521059428556,
            -2.701733043676375,
            2.2154015512053817,
            -0.8026630179150309,
            -1.944737096423673,
            4.508616134636512e-06
        ]
    ],
    "base_poses": [
        [
            [
                -0.005929898948227708,
                -0.4661524852276866,
                0.0
            ],
            [
                0.0,
                0.0,
                0.9714599230706314,
                -0.23720374758338633
            ]
        ],
        [
            [
                0.1255498779990678,
                0.615684674972657,
                0.0
            ],
            [
                0.0,
                0.0,
                -0.19674188859171554,
                0.9804553173262742
            ]
        ],
        [
            [
                0.239780769301134,
                -0.6668341834349198,
                0.0
            ],
            [
                0.0,
                0.0,
                -0.4509971090003692,
                0.8925254100995159
            ]
        ]
    ],
    "difficulty": 0.36990297849243503
}