{
    "target_eff_poses": [
        [
            [
                0.8054397702217102,
                -0.03735307976603508,
                0.48708248138427734
            ],
            [
                -0.15506264567375183,
                0.4989732801914215,
                0.16092172265052795,
                0.8373084664344788
            ]
        ],
        [
            [
                0.0074953678995370865,
                0.2918006181716919,
                0.23452650010585785
            ],
            [
                0.6215083003044128,
                0.6723434925079346,
                0.07556553930044174,
                0.39493244886398315
            ]
        ],
        [
            [
                -0.2935842275619507,
                0.7923983931541443,
                0.13642337918281555
            ],
            [
                -0.028675923123955727,
                0.9594305753707886,
                -0.03578944504261017,
                0.2781901955604553
            ]
        ],
        [
            [
                -0.4489644467830658,
                -0.6491789221763611,
                0.5374709367752075
            ],
            [
                -0.32887697219848633,
                0.536566436290741,
                0.7763288617134094,
                0.03535467013716698
            ]
        ]
    ],
    "start_goal_config": [
        null,
        null,
        null,
        null
    ],
    "start_config": [
        [
            -3.7916156276656494,
            -2.367792013623318,
            1.483464455270971,
            -1.405380511103106,
            -2.4475711835074803,
            3.3862281187464306e-05
        ],
        [
            -2.5637585037991935,
            -1.7914231510822554,
            2.2365088010979197,
            -1.2170321593776154,
            -1.4423187935127657,
            4.545668361153941e-07
        ],
        [
            -3.5190350687958274,
            -2.4693004667353606,
            1.5258503133855357,
            -1.358300599398543,
            -2.2162655983572472,
            2.8141304254601277e-05
        ],
        [
            -2.5300135291237136,
            -3.0286418613861184,
            1.9855389833246757,
            -0.9158768802048635,
            -0.5800631079810217,
            -2.2950465854149543e-05
        ]
    ],
    "goal_config": [
        [
            -3.7454488495779192,
            -1.2445772217263096,
            1.0716724865977387,
            -1.8690969326744493,
            -1.6822293474560412,
            9.796207991228853e-06
        ],
        [
            -1.6304002965729625,
            -2.0089158238180618,
            2.3161353246653125,
            -1.134818027910946,
            -0.635623391765229,
            -1.55420579083517e-05
        ],
        [
            -3.275055575551477,
            -1.7461052816978517,
            2.3487472524065374,
            -1.1712336092426643,
            -1.7286041699036399,
            1.312203683827531e-05
        ],
        [
            -2.0140735857678242,
            -2.361679629069603,
            1.8234153179136523,
            -1.241912541874135,
            -0.5953784843548473,
            -2.295477064556314e-05
        ]
    ],
    "base_poses": [
        [
            [
                0.2632111470179692,
                -0.4347886089885602,
                0.0
            ],
            [
                0.0,
                0.0,
                -0.8538173525593851,
                0.5205726927802521
            ]
        ],
        [
            [
                -0.28466480139414674,
                0.22194744410535439,
                0.0
            ],
            [
                -0.0,
                -0.0,
                0.5112650798506708,
                0.8594230728374048
            ]
        ],
        [
            [
                -0.49315342617991365,
                0.72287987876739,
                0.0
            ],
            [
                0.0,
                0.0,
                0.9998431974018137,
                -0.01770820739989835
            ]
        ],
        [
            [
                -0.19038147134358108,
                -0.669054970886112,
                0.0
            ],
            [
                0.0,
                0.0,
                0.8898348223574521,
                -0.4562827948981656
            ]
        ]
    ],
    "difficulty": 0.8621273394150287,
    "dynamic_speed": null
}